Group,N,Metric,Target,Spearman_R,P_Value,Slide_IDs
All Regions,88,cgp_density_mm2,Braak stage,0.3516840299624383,0.0007796224270833,H02N23498P12-197768_H02N23498P12-197768;H02P23TB521P-215519;NA00-118_H02IBC428P-233028;NA00-118_H02IBC428P-233029;NA00-118_H02IBC428P-233030;NA01-161_H02P23TB517P-193924;NA01-161_H02P23TB517P-193925;NA01-161_H02P23TB517P-193926;NA03-222_H02N23499P12-212205;NA04-191_H02IBC428P-232904;NA04-191_H02N23489P12-212012;NA04-191_H02N23TB509P-187802;NA04-240_H02FBC343P-204410;NA05-111_H02P23TB515P-192965;NA05-200_H02M23471P12-211193;NA06-239_H02N23486P12-216197;NA06-239_H02N23486P12-216198;NA06-239_H02N23486P12-216200;NA06-239_H02N23486P12-216201;NA07-144_H02IBC428P-233684;NA07-278_H02P23TB518P-231968;NA08-089_H02IBC428P-232905;NA08-089_H02IBC428P-232907;NA08-089_H02IBC428P-232911;NA09-034_H02N23496P12-211886;NA10-268_H02IBC432P-231068;NA10-268_H02IBC432P-231072;NA10-268_H02IBC432P-231077;NA10-268_H02IBC432P-231081;NA11-426_H02IBC429P-241368;NA11-426_H02IBC429P-241369;NA11-426_H02P23TB522P-218102;NA11-426_H02P23TB522P-218113;NA11-496_H02M23487P12-218286;NA11-496_H02M23487P12-218288;NA11-496_H02M23487P12-218289;NA11-496_H02M23487P12-218291;NA11-496_H02M23487P12-218292;NA11-4_H02P23TB522P-218112;NA12-016_H02N23484P12-217918;NA12-247-F2_H02M23487P12-218284;NA12-253-F2_H02P23TB520P-213954;NA12-396-F2_H02M23471P12-211567;NA12-420_H02N23487P12-218761;NA12-420_H02N23500P12-218639;NA12-420_H02N23500P12-218640;NA13-210_H02P23TB521P-203319;NA13-355_H02P23TB525P-183483;NA14-071_H02P23TB526P-183894;NA14-161_H02N23498P12-204689;NA14-161_H02N23498P12-204690;NA16-035_H02N23TB510P-171019;NA17-378_H02N23496P12-193660;NA17-378_H02N23496P12-193661;NA19-100_H02P23TB519P-177345;NA19-100_H02P23TB519P-177347;NA19-100_H02P23TB519P-177348;NA19-100_H02P23TB519P-177357;NA19-100_H02P23TB519P-177358;NA19-207_H02N23498P12-197754;NA19-207_H02N23498P12-197757;NA19-207_H02N23498P12-197758;NA19-207_H02N23498P12-197759;NA19-207_H02N23498P12-197761;NA21-086_H02N23484P12-195179;NA21-086_H02N23484P12-195180;NA21-086_H02N23484P12-195182;NA22-130_H02N23500P12-211173;NA22-130_H02N23500P12-211174;NA23-121_H02N23497P12-201014;NA23-121_H02N23497P12-201018;NA23-121_H02N23497P12-201021;NA23-121_H02N23497P12-201023;NA23-121_H02N23497P12-201025;NA23-168_H02IBC433P-191757;NA23-168_H02P23TB523P-202444;NA23-298_H02N23TB512P-172715;NA24-002_H02IBC433P-192149;NA24-002_H02IBC433P-192150;NA24-002_H02IBC433P-192155;NA24-002_H02IBC433P-192156;NA24-002_H02IBC433P-192158;NA24-002_H02IBC433P-192159;NA24-188_H02IBC418P-217031;NA24-188_H02IBC418P-217033;NA24-188_H02IBC418P-217040;NA24-188_H02IBC418P-217043;NA24-188_H02IBC418P-217061
All Regions,88,cgp_count,Braak stage,0.3492785053672508,0.0008518348717595,H02N23498P12-197768_H02N23498P12-197768;H02P23TB521P-215519;NA00-118_H02IBC428P-233028;NA00-118_H02IBC428P-233029;NA00-118_H02IBC428P-233030;NA01-161_H02P23TB517P-193924;NA01-161_H02P23TB517P-193925;NA01-161_H02P23TB517P-193926;NA03-222_H02N23499P12-212205;NA04-191_H02IBC428P-232904;NA04-191_H02N23489P12-212012;NA04-191_H02N23TB509P-187802;NA04-240_H02FBC343P-204410;NA05-111_H02P23TB515P-192965;NA05-200_H02M23471P12-211193;NA06-239_H02N23486P12-216197;NA06-239_H02N23486P12-216198;NA06-239_H02N23486P12-216200;NA06-239_H02N23486P12-216201;NA07-144_H02IBC428P-233684;NA07-278_H02P23TB518P-231968;NA08-089_H02IBC428P-232905;NA08-089_H02IBC428P-232907;NA08-089_H02IBC428P-232911;NA09-034_H02N23496P12-211886;NA10-268_H02IBC432P-231068;NA10-268_H02IBC432P-231072;NA10-268_H02IBC432P-231077;NA10-268_H02IBC432P-231081;NA11-426_H02IBC429P-241368;NA11-426_H02IBC429P-241369;NA11-426_H02P23TB522P-218102;NA11-426_H02P23TB522P-218113;NA11-496_H02M23487P12-218286;NA11-496_H02M23487P12-218288;NA11-496_H02M23487P12-218289;NA11-496_H02M23487P12-218291;NA11-496_H02M23487P12-218292;NA11-4_H02P23TB522P-218112;NA12-016_H02N23484P12-217918;NA12-247-F2_H02M23487P12-218284;NA12-253-F2_H02P23TB520P-213954;NA12-396-F2_H02M23471P12-211567;NA12-420_H02N23487P12-218761;NA12-420_H02N23500P12-218639;NA12-420_H02N23500P12-218640;NA13-210_H02P23TB521P-203319;NA13-355_H02P23TB525P-183483;NA14-071_H02P23TB526P-183894;NA14-161_H02N23498P12-204689;NA14-161_H02N23498P12-204690;NA16-035_H02N23TB510P-171019;NA17-378_H02N23496P12-193660;NA17-378_H02N23496P12-193661;NA19-100_H02P23TB519P-177345;NA19-100_H02P23TB519P-177347;NA19-100_H02P23TB519P-177348;NA19-100_H02P23TB519P-177357;NA19-100_H02P23TB519P-177358;NA19-207_H02N23498P12-197754;NA19-207_H02N23498P12-197757;NA19-207_H02N23498P12-197758;NA19-207_H02N23498P12-197759;NA19-207_H02N23498P12-197761;NA21-086_H02N23484P12-195179;NA21-086_H02N23484P12-195180;NA21-086_H02N23484P12-195182;NA22-130_H02N23500P12-211173;NA22-130_H02N23500P12-211174;NA23-121_H02N23497P12-201014;NA23-121_H02N23497P12-201018;NA23-121_H02N23497P12-201021;NA23-121_H02N23497P12-201023;NA23-121_H02N23497P12-201025;NA23-168_H02IBC433P-191757;NA23-168_H02P23TB523P-202444;NA23-298_H02N23TB512P-172715;NA24-002_H02IBC433P-192149;NA24-002_H02IBC433P-192150;NA24-002_H02IBC433P-192155;NA24-002_H02IBC433P-192156;NA24-002_H02IBC433P-192158;NA24-002_H02IBC433P-192159;NA24-188_H02IBC418P-217031;NA24-188_H02IBC418P-217033;NA24-188_H02IBC418P-217040;NA24-188_H02IBC418P-217043;NA24-188_H02IBC418P-217061
All Regions,89,amyloid_density_percent,Braak stage,0.3013827578150428,0.0041034295879641,H02N23498P12-197768_H02N23498P12-197768;H02N23TB509P-187635;H02P23TB521P-215519;NA00-118_H02IBC428P-233028;NA00-118_H02IBC428P-233029;NA00-118_H02IBC428P-233030;NA01-161_H02P23TB517P-193924;NA01-161_H02P23TB517P-193925;NA01-161_H02P23TB517P-193926;NA03-222_H02N23499P12-212205;NA04-191_H02IBC428P-232904;NA04-191_H02N23489P12-212012;NA04-191_H02N23TB509P-187802;NA04-240_H02FBC343P-204410;NA05-111_H02P23TB515P-192965;NA05-200_H02M23471P12-211193;NA06-239_H02N23486P12-216197;NA06-239_H02N23486P12-216200;NA06-239_H02N23486P12-216201;NA07-144_H02IBC428P-233684;NA07-278_H02P23TB518P-231968;NA08-089_H02IBC428P-232905;NA08-089_H02IBC428P-232907;NA08-089_H02IBC428P-232911;NA09-034_H02N23496P12-211886;NA09-034_H02N23496P12-211887;NA10-268_H02IBC432P-231068;NA10-268_H02IBC432P-231072;NA10-268_H02IBC432P-231077;NA10-268_H02IBC432P-231081;NA11-426_H02IBC429P-241368;NA11-426_H02IBC429P-241369;NA11-426_H02P23TB522P-218102;NA11-426_H02P23TB522P-218113;NA11-496_H02M23487P12-218286;NA11-496_H02M23487P12-218288;NA11-496_H02M23487P12-218289;NA11-496_H02M23487P12-218291;NA11-496_H02M23487P12-218292;NA11-4_H02P23TB522P-218112;NA12-016_H02N23484P12-217918;NA12-247-F2_H02M23487P12-218284;NA12-253-F2_H02P23TB520P-213954;NA12-396-F2_H02M23471P12-211567;NA12-420_H02N23487P12-218761;NA12-420_H02N23500P12-218639;NA12-420_H02N23500P12-218640;NA13-210_H02P23TB521P-203319;NA13-355_H02P23TB525P-183483;NA14-071_H02P23TB526P-183894;NA14-161_H02N23498P12-204689;NA14-161_H02N23498P12-204690;NA16-035_H02N23TB510P-171019;NA17-378_H02N23496P12-193660;NA17-378_H02N23496P12-193661;NA19-100_H02P23TB519P-177345;NA19-100_H02P23TB519P-177347;NA19-100_H02P23TB519P-177348;NA19-100_H02P23TB519P-177357;NA19-100_H02P23TB519P-177358;NA19-207_H02N23498P12-197754;NA19-207_H02N23498P12-197757;NA19-207_H02N23498P12-197758;NA19-207_H02N23498P12-197759;NA19-207_H02N23498P12-197761;NA21-086_H02N23484P12-195179;NA21-086_H02N23484P12-195180;NA21-086_H02N23484P12-195182;NA22-130_H02N23500P12-211173;NA22-130_H02N23500P12-211174;NA23-121_H02N23497P12-201014;NA23-121_H02N23497P12-201018;NA23-121_H02N23497P12-201021;NA23-121_H02N23497P12-201023;NA23-121_H02N23497P12-201025;NA23-168_H02IBC433P-191757;NA23-168_H02P23TB523P-202444;NA23-298_H02N23TB512P-172715;NA24-002_H02IBC433P-192149;NA24-002_H02IBC433P-192150;NA24-002_H02IBC433P-192155;NA24-002_H02IBC433P-192156;NA24-002_H02IBC433P-192158;NA24-002_H02IBC433P-192159;NA24-188_H02IBC418P-217031;NA24-188_H02IBC418P-217033;NA24-188_H02IBC418P-217040;NA24-188_H02IBC418P-217043;NA24-188_H02IBC418P-217061
All Regions,89,amyloid_pixel_count,Braak stage,0.2959293227062816,0.0048673547484677,H02N23498P12-197768_H02N23498P12-197768;H02N23TB509P-187635;H02P23TB521P-215519;NA00-118_H02IBC428P-233028;NA00-118_H02IBC428P-233029;NA00-118_H02IBC428P-233030;NA01-161_H02P23TB517P-193924;NA01-161_H02P23TB517P-193925;NA01-161_H02P23TB517P-193926;NA03-222_H02N23499P12-212205;NA04-191_H02IBC428P-232904;NA04-191_H02N23489P12-212012;NA04-191_H02N23TB509P-187802;NA04-240_H02FBC343P-204410;NA05-111_H02P23TB515P-192965;NA05-200_H02M23471P12-211193;NA06-239_H02N23486P12-216197;NA06-239_H02N23486P12-216200;NA06-239_H02N23486P12-216201;NA07-144_H02IBC428P-233684;NA07-278_H02P23TB518P-231968;NA08-089_H02IBC428P-232905;NA08-089_H02IBC428P-232907;NA08-089_H02IBC428P-232911;NA09-034_H02N23496P12-211886;NA09-034_H02N23496P12-211887;NA10-268_H02IBC432P-231068;NA10-268_H02IBC432P-231072;NA10-268_H02IBC432P-231077;NA10-268_H02IBC432P-231081;NA11-426_H02IBC429P-241368;NA11-426_H02IBC429P-241369;NA11-426_H02P23TB522P-218102;NA11-426_H02P23TB522P-218113;NA11-496_H02M23487P12-218286;NA11-496_H02M23487P12-218288;NA11-496_H02M23487P12-218289;NA11-496_H02M23487P12-218291;NA11-496_H02M23487P12-218292;NA11-4_H02P23TB522P-218112;NA12-016_H02N23484P12-217918;NA12-247-F2_H02M23487P12-218284;NA12-253-F2_H02P23TB520P-213954;NA12-396-F2_H02M23471P12-211567;NA12-420_H02N23487P12-218761;NA12-420_H02N23500P12-218639;NA12-420_H02N23500P12-218640;NA13-210_H02P23TB521P-203319;NA13-355_H02P23TB525P-183483;NA14-071_H02P23TB526P-183894;NA14-161_H02N23498P12-204689;NA14-161_H02N23498P12-204690;NA16-035_H02N23TB510P-171019;NA17-378_H02N23496P12-193660;NA17-378_H02N23496P12-193661;NA19-100_H02P23TB519P-177345;NA19-100_H02P23TB519P-177347;NA19-100_H02P23TB519P-177348;NA19-100_H02P23TB519P-177357;NA19-100_H02P23TB519P-177358;NA19-207_H02N23498P12-197754;NA19-207_H02N23498P12-197757;NA19-207_H02N23498P12-197758;NA19-207_H02N23498P12-197759;NA19-207_H02N23498P12-197761;NA21-086_H02N23484P12-195179;NA21-086_H02N23484P12-195180;NA21-086_H02N23484P12-195182;NA22-130_H02N23500P12-211173;NA22-130_H02N23500P12-211174;NA23-121_H02N23497P12-201014;NA23-121_H02N23497P12-201018;NA23-121_H02N23497P12-201021;NA23-121_H02N23497P12-201023;NA23-121_H02N23497P12-201025;NA23-168_H02IBC433P-191757;NA23-168_H02P23TB523P-202444;NA23-298_H02N23TB512P-172715;NA24-002_H02IBC433P-192149;NA24-002_H02IBC433P-192150;NA24-002_H02IBC433P-192155;NA24-002_H02IBC433P-192156;NA24-002_H02IBC433P-192158;NA24-002_H02IBC433P-192159;NA24-188_H02IBC418P-217031;NA24-188_H02IBC418P-217033;NA24-188_H02IBC418P-217040;NA24-188_H02IBC418P-217043;NA24-188_H02IBC418P-217061
All Regions,89,amyloid_area_mm2,Braak stage,0.2959293227062816,0.0048673547484677,H02N23498P12-197768_H02N23498P12-197768;H02N23TB509P-187635;H02P23TB521P-215519;NA00-118_H02IBC428P-233028;NA00-118_H02IBC428P-233029;NA00-118_H02IBC428P-233030;NA01-161_H02P23TB517P-193924;NA01-161_H02P23TB517P-193925;NA01-161_H02P23TB517P-193926;NA03-222_H02N23499P12-212205;NA04-191_H02IBC428P-232904;NA04-191_H02N23489P12-212012;NA04-191_H02N23TB509P-187802;NA04-240_H02FBC343P-204410;NA05-111_H02P23TB515P-192965;NA05-200_H02M23471P12-211193;NA06-239_H02N23486P12-216197;NA06-239_H02N23486P12-216200;NA06-239_H02N23486P12-216201;NA07-144_H02IBC428P-233684;NA07-278_H02P23TB518P-231968;NA08-089_H02IBC428P-232905;NA08-089_H02IBC428P-232907;NA08-089_H02IBC428P-232911;NA09-034_H02N23496P12-211886;NA09-034_H02N23496P12-211887;NA10-268_H02IBC432P-231068;NA10-268_H02IBC432P-231072;NA10-268_H02IBC432P-231077;NA10-268_H02IBC432P-231081;NA11-426_H02IBC429P-241368;NA11-426_H02IBC429P-241369;NA11-426_H02P23TB522P-218102;NA11-426_H02P23TB522P-218113;NA11-496_H02M23487P12-218286;NA11-496_H02M23487P12-218288;NA11-496_H02M23487P12-218289;NA11-496_H02M23487P12-218291;NA11-496_H02M23487P12-218292;NA11-4_H02P23TB522P-218112;NA12-016_H02N23484P12-217918;NA12-247-F2_H02M23487P12-218284;NA12-253-F2_H02P23TB520P-213954;NA12-396-F2_H02M23471P12-211567;NA12-420_H02N23487P12-218761;NA12-420_H02N23500P12-218639;NA12-420_H02N23500P12-218640;NA13-210_H02P23TB521P-203319;NA13-355_H02P23TB525P-183483;NA14-071_H02P23TB526P-183894;NA14-161_H02N23498P12-204689;NA14-161_H02N23498P12-204690;NA16-035_H02N23TB510P-171019;NA17-378_H02N23496P12-193660;NA17-378_H02N23496P12-193661;NA19-100_H02P23TB519P-177345;NA19-100_H02P23TB519P-177347;NA19-100_H02P23TB519P-177348;NA19-100_H02P23TB519P-177357;NA19-100_H02P23TB519P-177358;NA19-207_H02N23498P12-197754;NA19-207_H02N23498P12-197757;NA19-207_H02N23498P12-197758;NA19-207_H02N23498P12-197759;NA19-207_H02N23498P12-197761;NA21-086_H02N23484P12-195179;NA21-086_H02N23484P12-195180;NA21-086_H02N23484P12-195182;NA22-130_H02N23500P12-211173;NA22-130_H02N23500P12-211174;NA23-121_H02N23497P12-201014;NA23-121_H02N23497P12-201018;NA23-121_H02N23497P12-201021;NA23-121_H02N23497P12-201023;NA23-121_H02N23497P12-201025;NA23-168_H02IBC433P-191757;NA23-168_H02P23TB523P-202444;NA23-298_H02N23TB512P-172715;NA24-002_H02IBC433P-192149;NA24-002_H02IBC433P-192150;NA24-002_H02IBC433P-192155;NA24-002_H02IBC433P-192156;NA24-002_H02IBC433P-192158;NA24-002_H02IBC433P-192159;NA24-188_H02IBC418P-217031;NA24-188_H02IBC418P-217033;NA24-188_H02IBC418P-217040;NA24-188_H02IBC418P-217043;NA24-188_H02IBC418P-217061
All Regions,89,amyloid_density_percent,Thal phase,0.4680060565623464,3.7525465283227592e-06,H02N23498P12-197768_H02N23498P12-197768;H02N23TB509P-187635;H02P23TB521P-215519;NA00-118_H02IBC428P-233028;NA00-118_H02IBC428P-233029;NA00-118_H02IBC428P-233030;NA01-161_H02P23TB517P-193924;NA01-161_H02P23TB517P-193925;NA01-161_H02P23TB517P-193926;NA03-222_H02N23499P12-212205;NA04-191_H02IBC428P-232904;NA04-191_H02N23489P12-212012;NA04-191_H02N23TB509P-187802;NA04-240_H02FBC343P-204410;NA05-111_H02P23TB515P-192965;NA05-200_H02M23471P12-211193;NA06-239_H02N23486P12-216197;NA06-239_H02N23486P12-216200;NA06-239_H02N23486P12-216201;NA07-144_H02IBC428P-233684;NA07-278_H02P23TB518P-231968;NA08-089_H02IBC428P-232905;NA08-089_H02IBC428P-232907;NA08-089_H02IBC428P-232911;NA09-034_H02N23496P12-211886;NA09-034_H02N23496P12-211887;NA10-268_H02IBC432P-231068;NA10-268_H02IBC432P-231072;NA10-268_H02IBC432P-231077;NA10-268_H02IBC432P-231081;NA11-426_H02IBC429P-241368;NA11-426_H02IBC429P-241369;NA11-426_H02P23TB522P-218102;NA11-426_H02P23TB522P-218113;NA11-496_H02M23487P12-218286;NA11-496_H02M23487P12-218288;NA11-496_H02M23487P12-218289;NA11-496_H02M23487P12-218291;NA11-496_H02M23487P12-218292;NA11-4_H02P23TB522P-218112;NA12-016_H02N23484P12-217918;NA12-247-F2_H02M23487P12-218284;NA12-253-F2_H02P23TB520P-213954;NA12-396-F2_H02M23471P12-211567;NA12-420_H02N23487P12-218761;NA12-420_H02N23500P12-218639;NA12-420_H02N23500P12-218640;NA13-210_H02P23TB521P-203319;NA13-355_H02P23TB525P-183483;NA14-071_H02P23TB526P-183894;NA14-161_H02N23498P12-204689;NA14-161_H02N23498P12-204690;NA16-035_H02N23TB510P-171019;NA17-378_H02N23496P12-193660;NA17-378_H02N23496P12-193661;NA19-100_H02P23TB519P-177345;NA19-100_H02P23TB519P-177347;NA19-100_H02P23TB519P-177348;NA19-100_H02P23TB519P-177357;NA19-100_H02P23TB519P-177358;NA19-207_H02N23498P12-197754;NA19-207_H02N23498P12-197757;NA19-207_H02N23498P12-197758;NA19-207_H02N23498P12-197759;NA19-207_H02N23498P12-197761;NA21-086_H02N23484P12-195179;NA21-086_H02N23484P12-195180;NA21-086_H02N23484P12-195182;NA22-130_H02N23500P12-211173;NA22-130_H02N23500P12-211174;NA23-121_H02N23497P12-201014;NA23-121_H02N23497P12-201018;NA23-121_H02N23497P12-201021;NA23-121_H02N23497P12-201023;NA23-121_H02N23497P12-201025;NA23-168_H02IBC433P-191757;NA23-168_H02P23TB523P-202444;NA23-298_H02N23TB512P-172715;NA24-002_H02IBC433P-192149;NA24-002_H02IBC433P-192150;NA24-002_H02IBC433P-192155;NA24-002_H02IBC433P-192156;NA24-002_H02IBC433P-192158;NA24-002_H02IBC433P-192159;NA24-188_H02IBC418P-217031;NA24-188_H02IBC418P-217033;NA24-188_H02IBC418P-217040;NA24-188_H02IBC418P-217043;NA24-188_H02IBC418P-217061
All Regions,89,amyloid_pixel_count,Thal phase,0.4399123889990816,1.6066008657451026e-05,H02N23498P12-197768_H02N23498P12-197768;H02N23TB509P-187635;H02P23TB521P-215519;NA00-118_H02IBC428P-233028;NA00-118_H02IBC428P-233029;NA00-118_H02IBC428P-233030;NA01-161_H02P23TB517P-193924;NA01-161_H02P23TB517P-193925;NA01-161_H02P23TB517P-193926;NA03-222_H02N23499P12-212205;NA04-191_H02IBC428P-232904;NA04-191_H02N23489P12-212012;NA04-191_H02N23TB509P-187802;NA04-240_H02FBC343P-204410;NA05-111_H02P23TB515P-192965;NA05-200_H02M23471P12-211193;NA06-239_H02N23486P12-216197;NA06-239_H02N23486P12-216200;NA06-239_H02N23486P12-216201;NA07-144_H02IBC428P-233684;NA07-278_H02P23TB518P-231968;NA08-089_H02IBC428P-232905;NA08-089_H02IBC428P-232907;NA08-089_H02IBC428P-232911;NA09-034_H02N23496P12-211886;NA09-034_H02N23496P12-211887;NA10-268_H02IBC432P-231068;NA10-268_H02IBC432P-231072;NA10-268_H02IBC432P-231077;NA10-268_H02IBC432P-231081;NA11-426_H02IBC429P-241368;NA11-426_H02IBC429P-241369;NA11-426_H02P23TB522P-218102;NA11-426_H02P23TB522P-218113;NA11-496_H02M23487P12-218286;NA11-496_H02M23487P12-218288;NA11-496_H02M23487P12-218289;NA11-496_H02M23487P12-218291;NA11-496_H02M23487P12-218292;NA11-4_H02P23TB522P-218112;NA12-016_H02N23484P12-217918;NA12-247-F2_H02M23487P12-218284;NA12-253-F2_H02P23TB520P-213954;NA12-396-F2_H02M23471P12-211567;NA12-420_H02N23487P12-218761;NA12-420_H02N23500P12-218639;NA12-420_H02N23500P12-218640;NA13-210_H02P23TB521P-203319;NA13-355_H02P23TB525P-183483;NA14-071_H02P23TB526P-183894;NA14-161_H02N23498P12-204689;NA14-161_H02N23498P12-204690;NA16-035_H02N23TB510P-171019;NA17-378_H02N23496P12-193660;NA17-378_H02N23496P12-193661;NA19-100_H02P23TB519P-177345;NA19-100_H02P23TB519P-177347;NA19-100_H02P23TB519P-177348;NA19-100_H02P23TB519P-177357;NA19-100_H02P23TB519P-177358;NA19-207_H02N23498P12-197754;NA19-207_H02N23498P12-197757;NA19-207_H02N23498P12-197758;NA19-207_H02N23498P12-197759;NA19-207_H02N23498P12-197761;NA21-086_H02N23484P12-195179;NA21-086_H02N23484P12-195180;NA21-086_H02N23484P12-195182;NA22-130_H02N23500P12-211173;NA22-130_H02N23500P12-211174;NA23-121_H02N23497P12-201014;NA23-121_H02N23497P12-201018;NA23-121_H02N23497P12-201021;NA23-121_H02N23497P12-201023;NA23-121_H02N23497P12-201025;NA23-168_H02IBC433P-191757;NA23-168_H02P23TB523P-202444;NA23-298_H02N23TB512P-172715;NA24-002_H02IBC433P-192149;NA24-002_H02IBC433P-192150;NA24-002_H02IBC433P-192155;NA24-002_H02IBC433P-192156;NA24-002_H02IBC433P-192158;NA24-002_H02IBC433P-192159;NA24-188_H02IBC418P-217031;NA24-188_H02IBC418P-217033;NA24-188_H02IBC418P-217040;NA24-188_H02IBC418P-217043;NA24-188_H02IBC418P-217061
All Regions,89,amyloid_area_mm2,Thal phase,0.4399123889990816,1.6066008657451026e-05,H02N23498P12-197768_H02N23498P12-197768;H02N23TB509P-187635;H02P23TB521P-215519;NA00-118_H02IBC428P-233028;NA00-118_H02IBC428P-233029;NA00-118_H02IBC428P-233030;NA01-161_H02P23TB517P-193924;NA01-161_H02P23TB517P-193925;NA01-161_H02P23TB517P-193926;NA03-222_H02N23499P12-212205;NA04-191_H02IBC428P-232904;NA04-191_H02N23489P12-212012;NA04-191_H02N23TB509P-187802;NA04-240_H02FBC343P-204410;NA05-111_H02P23TB515P-192965;NA05-200_H02M23471P12-211193;NA06-239_H02N23486P12-216197;NA06-239_H02N23486P12-216200;NA06-239_H02N23486P12-216201;NA07-144_H02IBC428P-233684;NA07-278_H02P23TB518P-231968;NA08-089_H02IBC428P-232905;NA08-089_H02IBC428P-232907;NA08-089_H02IBC428P-232911;NA09-034_H02N23496P12-211886;NA09-034_H02N23496P12-211887;NA10-268_H02IBC432P-231068;NA10-268_H02IBC432P-231072;NA10-268_H02IBC432P-231077;NA10-268_H02IBC432P-231081;NA11-426_H02IBC429P-241368;NA11-426_H02IBC429P-241369;NA11-426_H02P23TB522P-218102;NA11-426_H02P23TB522P-218113;NA11-496_H02M23487P12-218286;NA11-496_H02M23487P12-218288;NA11-496_H02M23487P12-218289;NA11-496_H02M23487P12-218291;NA11-496_H02M23487P12-218292;NA11-4_H02P23TB522P-218112;NA12-016_H02N23484P12-217918;NA12-247-F2_H02M23487P12-218284;NA12-253-F2_H02P23TB520P-213954;NA12-396-F2_H02M23471P12-211567;NA12-420_H02N23487P12-218761;NA12-420_H02N23500P12-218639;NA12-420_H02N23500P12-218640;NA13-210_H02P23TB521P-203319;NA13-355_H02P23TB525P-183483;NA14-071_H02P23TB526P-183894;NA14-161_H02N23498P12-204689;NA14-161_H02N23498P12-204690;NA16-035_H02N23TB510P-171019;NA17-378_H02N23496P12-193660;NA17-378_H02N23496P12-193661;NA19-100_H02P23TB519P-177345;NA19-100_H02P23TB519P-177347;NA19-100_H02P23TB519P-177348;NA19-100_H02P23TB519P-177357;NA19-100_H02P23TB519P-177358;NA19-207_H02N23498P12-197754;NA19-207_H02N23498P12-197757;NA19-207_H02N23498P12-197758;NA19-207_H02N23498P12-197759;NA19-207_H02N23498P12-197761;NA21-086_H02N23484P12-195179;NA21-086_H02N23484P12-195180;NA21-086_H02N23484P12-195182;NA22-130_H02N23500P12-211173;NA22-130_H02N23500P12-211174;NA23-121_H02N23497P12-201014;NA23-121_H02N23497P12-201018;NA23-121_H02N23497P12-201021;NA23-121_H02N23497P12-201023;NA23-121_H02N23497P12-201025;NA23-168_H02IBC433P-191757;NA23-168_H02P23TB523P-202444;NA23-298_H02N23TB512P-172715;NA24-002_H02IBC433P-192149;NA24-002_H02IBC433P-192150;NA24-002_H02IBC433P-192155;NA24-002_H02IBC433P-192156;NA24-002_H02IBC433P-192158;NA24-002_H02IBC433P-192159;NA24-188_H02IBC418P-217031;NA24-188_H02IBC418P-217033;NA24-188_H02IBC418P-217040;NA24-188_H02IBC418P-217043;NA24-188_H02IBC418P-217061
All Regions,88,cgp_density_mm2,Thal phase,0.4063108071373934,8.569333450175162e-05,H02N23498P12-197768_H02N23498P12-197768;H02P23TB521P-215519;NA00-118_H02IBC428P-233028;NA00-118_H02IBC428P-233029;NA00-118_H02IBC428P-233030;NA01-161_H02P23TB517P-193924;NA01-161_H02P23TB517P-193925;NA01-161_H02P23TB517P-193926;NA03-222_H02N23499P12-212205;NA04-191_H02IBC428P-232904;NA04-191_H02N23489P12-212012;NA04-191_H02N23TB509P-187802;NA04-240_H02FBC343P-204410;NA05-111_H02P23TB515P-192965;NA05-200_H02M23471P12-211193;NA06-239_H02N23486P12-216197;NA06-239_H02N23486P12-216198;NA06-239_H02N23486P12-216200;NA06-239_H02N23486P12-216201;NA07-144_H02IBC428P-233684;NA07-278_H02P23TB518P-231968;NA08-089_H02IBC428P-232905;NA08-089_H02IBC428P-232907;NA08-089_H02IBC428P-232911;NA09-034_H02N23496P12-211886;NA10-268_H02IBC432P-231068;NA10-268_H02IBC432P-231072;NA10-268_H02IBC432P-231077;NA10-268_H02IBC432P-231081;NA11-426_H02IBC429P-241368;NA11-426_H02IBC429P-241369;NA11-426_H02P23TB522P-218102;NA11-426_H02P23TB522P-218113;NA11-496_H02M23487P12-218286;NA11-496_H02M23487P12-218288;NA11-496_H02M23487P12-218289;NA11-496_H02M23487P12-218291;NA11-496_H02M23487P12-218292;NA11-4_H02P23TB522P-218112;NA12-016_H02N23484P12-217918;NA12-247-F2_H02M23487P12-218284;NA12-253-F2_H02P23TB520P-213954;NA12-396-F2_H02M23471P12-211567;NA12-420_H02N23487P12-218761;NA12-420_H02N23500P12-218639;NA12-420_H02N23500P12-218640;NA13-210_H02P23TB521P-203319;NA13-355_H02P23TB525P-183483;NA14-071_H02P23TB526P-183894;NA14-161_H02N23498P12-204689;NA14-161_H02N23498P12-204690;NA16-035_H02N23TB510P-171019;NA17-378_H02N23496P12-193660;NA17-378_H02N23496P12-193661;NA19-100_H02P23TB519P-177345;NA19-100_H02P23TB519P-177347;NA19-100_H02P23TB519P-177348;NA19-100_H02P23TB519P-177357;NA19-100_H02P23TB519P-177358;NA19-207_H02N23498P12-197754;NA19-207_H02N23498P12-197757;NA19-207_H02N23498P12-197758;NA19-207_H02N23498P12-197759;NA19-207_H02N23498P12-197761;NA21-086_H02N23484P12-195179;NA21-086_H02N23484P12-195180;NA21-086_H02N23484P12-195182;NA22-130_H02N23500P12-211173;NA22-130_H02N23500P12-211174;NA23-121_H02N23497P12-201014;NA23-121_H02N23497P12-201018;NA23-121_H02N23497P12-201021;NA23-121_H02N23497P12-201023;NA23-121_H02N23497P12-201025;NA23-168_H02IBC433P-191757;NA23-168_H02P23TB523P-202444;NA23-298_H02N23TB512P-172715;NA24-002_H02IBC433P-192149;NA24-002_H02IBC433P-192150;NA24-002_H02IBC433P-192155;NA24-002_H02IBC433P-192156;NA24-002_H02IBC433P-192158;NA24-002_H02IBC433P-192159;NA24-188_H02IBC418P-217031;NA24-188_H02IBC418P-217033;NA24-188_H02IBC418P-217040;NA24-188_H02IBC418P-217043;NA24-188_H02IBC418P-217061
All Regions,88,cgp_count,Thal phase,0.3880421452752685,0.0001872643007606,H02N23498P12-197768_H02N23498P12-197768;H02P23TB521P-215519;NA00-118_H02IBC428P-233028;NA00-118_H02IBC428P-233029;NA00-118_H02IBC428P-233030;NA01-161_H02P23TB517P-193924;NA01-161_H02P23TB517P-193925;NA01-161_H02P23TB517P-193926;NA03-222_H02N23499P12-212205;NA04-191_H02IBC428P-232904;NA04-191_H02N23489P12-212012;NA04-191_H02N23TB509P-187802;NA04-240_H02FBC343P-204410;NA05-111_H02P23TB515P-192965;NA05-200_H02M23471P12-211193;NA06-239_H02N23486P12-216197;NA06-239_H02N23486P12-216198;NA06-239_H02N23486P12-216200;NA06-239_H02N23486P12-216201;NA07-144_H02IBC428P-233684;NA07-278_H02P23TB518P-231968;NA08-089_H02IBC428P-232905;NA08-089_H02IBC428P-232907;NA08-089_H02IBC428P-232911;NA09-034_H02N23496P12-211886;NA10-268_H02IBC432P-231068;NA10-268_H02IBC432P-231072;NA10-268_H02IBC432P-231077;NA10-268_H02IBC432P-231081;NA11-426_H02IBC429P-241368;NA11-426_H02IBC429P-241369;NA11-426_H02P23TB522P-218102;NA11-426_H02P23TB522P-218113;NA11-496_H02M23487P12-218286;NA11-496_H02M23487P12-218288;NA11-496_H02M23487P12-218289;NA11-496_H02M23487P12-218291;NA11-496_H02M23487P12-218292;NA11-4_H02P23TB522P-218112;NA12-016_H02N23484P12-217918;NA12-247-F2_H02M23487P12-218284;NA12-253-F2_H02P23TB520P-213954;NA12-396-F2_H02M23471P12-211567;NA12-420_H02N23487P12-218761;NA12-420_H02N23500P12-218639;NA12-420_H02N23500P12-218640;NA13-210_H02P23TB521P-203319;NA13-355_H02P23TB525P-183483;NA14-071_H02P23TB526P-183894;NA14-161_H02N23498P12-204689;NA14-161_H02N23498P12-204690;NA16-035_H02N23TB510P-171019;NA17-378_H02N23496P12-193660;NA17-378_H02N23496P12-193661;NA19-100_H02P23TB519P-177345;NA19-100_H02P23TB519P-177347;NA19-100_H02P23TB519P-177348;NA19-100_H02P23TB519P-177357;NA19-100_H02P23TB519P-177358;NA19-207_H02N23498P12-197754;NA19-207_H02N23498P12-197757;NA19-207_H02N23498P12-197758;NA19-207_H02N23498P12-197759;NA19-207_H02N23498P12-197761;NA21-086_H02N23484P12-195179;NA21-086_H02N23484P12-195180;NA21-086_H02N23484P12-195182;NA22-130_H02N23500P12-211173;NA22-130_H02N23500P12-211174;NA23-121_H02N23497P12-201014;NA23-121_H02N23497P12-201018;NA23-121_H02N23497P12-201021;NA23-121_H02N23497P12-201023;NA23-121_H02N23497P12-201025;NA23-168_H02IBC433P-191757;NA23-168_H02P23TB523P-202444;NA23-298_H02N23TB512P-172715;NA24-002_H02IBC433P-192149;NA24-002_H02IBC433P-192150;NA24-002_H02IBC433P-192155;NA24-002_H02IBC433P-192156;NA24-002_H02IBC433P-192158;NA24-002_H02IBC433P-192159;NA24-188_H02IBC418P-217031;NA24-188_H02IBC418P-217033;NA24-188_H02IBC418P-217040;NA24-188_H02IBC418P-217043;NA24-188_H02IBC418P-217061
All Regions,88,total_pathology_density_mm2,Thal phase,0.2983822229272301,0.0047476095383871,H02N23498P12-197768_H02N23498P12-197768;H02P23TB521P-215519;NA00-118_H02IBC428P-233028;NA00-118_H02IBC428P-233029;NA00-118_H02IBC428P-233030;NA01-161_H02P23TB517P-193924;NA01-161_H02P23TB517P-193925;NA01-161_H02P23TB517P-193926;NA03-222_H02N23499P12-212205;NA04-191_H02IBC428P-232904;NA04-191_H02N23489P12-212012;NA04-191_H02N23TB509P-187802;NA04-240_H02FBC343P-204410;NA05-111_H02P23TB515P-192965;NA05-200_H02M23471P12-211193;NA06-239_H02N23486P12-216197;NA06-239_H02N23486P12-216198;NA06-239_H02N23486P12-216200;NA06-239_H02N23486P12-216201;NA07-144_H02IBC428P-233684;NA07-278_H02P23TB518P-231968;NA08-089_H02IBC428P-232905;NA08-089_H02IBC428P-232907;NA08-089_H02IBC428P-232911;NA09-034_H02N23496P12-211886;NA10-268_H02IBC432P-231068;NA10-268_H02IBC432P-231072;NA10-268_H02IBC432P-231077;NA10-268_H02IBC432P-231081;NA11-426_H02IBC429P-241368;NA11-426_H02IBC429P-241369;NA11-426_H02P23TB522P-218102;NA11-426_H02P23TB522P-218113;NA11-496_H02M23487P12-218286;NA11-496_H02M23487P12-218288;NA11-496_H02M23487P12-218289;NA11-496_H02M23487P12-218291;NA11-496_H02M23487P12-218292;NA11-4_H02P23TB522P-218112;NA12-016_H02N23484P12-217918;NA12-247-F2_H02M23487P12-218284;NA12-253-F2_H02P23TB520P-213954;NA12-396-F2_H02M23471P12-211567;NA12-420_H02N23487P12-218761;NA12-420_H02N23500P12-218639;NA12-420_H02N23500P12-218640;NA13-210_H02P23TB521P-203319;NA13-355_H02P23TB525P-183483;NA14-071_H02P23TB526P-183894;NA14-161_H02N23498P12-204689;NA14-161_H02N23498P12-204690;NA16-035_H02N23TB510P-171019;NA17-378_H02N23496P12-193660;NA17-378_H02N23496P12-193661;NA19-100_H02P23TB519P-177345;NA19-100_H02P23TB519P-177347;NA19-100_H02P23TB519P-177348;NA19-100_H02P23TB519P-177357;NA19-100_H02P23TB519P-177358;NA19-207_H02N23498P12-197754;NA19-207_H02N23498P12-197757;NA19-207_H02N23498P12-197758;NA19-207_H02N23498P12-197759;NA19-207_H02N23498P12-197761;NA21-086_H02N23484P12-195179;NA21-086_H02N23484P12-195180;NA21-086_H02N23484P12-195182;NA22-130_H02N23500P12-211173;NA22-130_H02N23500P12-211174;NA23-121_H02N23497P12-201014;NA23-121_H02N23497P12-201018;NA23-121_H02N23497P12-201021;NA23-121_H02N23497P12-201023;NA23-121_H02N23497P12-201025;NA23-168_H02IBC433P-191757;NA23-168_H02P23TB523P-202444;NA23-298_H02N23TB512P-172715;NA24-002_H02IBC433P-192149;NA24-002_H02IBC433P-192150;NA24-002_H02IBC433P-192155;NA24-002_H02IBC433P-192156;NA24-002_H02IBC433P-192158;NA24-002_H02IBC433P-192159;NA24-188_H02IBC418P-217031;NA24-188_H02IBC418P-217033;NA24-188_H02IBC418P-217040;NA24-188_H02IBC418P-217043;NA24-188_H02IBC418P-217061
All Regions,88,total_pathology_count,Thal phase,0.2619404632675389,0.0136901116459002,H02N23498P12-197768_H02N23498P12-197768;H02P23TB521P-215519;NA00-118_H02IBC428P-233028;NA00-118_H02IBC428P-233029;NA00-118_H02IBC428P-233030;NA01-161_H02P23TB517P-193924;NA01-161_H02P23TB517P-193925;NA01-161_H02P23TB517P-193926;NA03-222_H02N23499P12-212205;NA04-191_H02IBC428P-232904;NA04-191_H02N23489P12-212012;NA04-191_H02N23TB509P-187802;NA04-240_H02FBC343P-204410;NA05-111_H02P23TB515P-192965;NA05-200_H02M23471P12-211193;NA06-239_H02N23486P12-216197;NA06-239_H02N23486P12-216198;NA06-239_H02N23486P12-216200;NA06-239_H02N23486P12-216201;NA07-144_H02IBC428P-233684;NA07-278_H02P23TB518P-231968;NA08-089_H02IBC428P-232905;NA08-089_H02IBC428P-232907;NA08-089_H02IBC428P-232911;NA09-034_H02N23496P12-211886;NA10-268_H02IBC432P-231068;NA10-268_H02IBC432P-231072;NA10-268_H02IBC432P-231077;NA10-268_H02IBC432P-231081;NA11-426_H02IBC429P-241368;NA11-426_H02IBC429P-241369;NA11-426_H02P23TB522P-218102;NA11-426_H02P23TB522P-218113;NA11-496_H02M23487P12-218286;NA11-496_H02M23487P12-218288;NA11-496_H02M23487P12-218289;NA11-496_H02M23487P12-218291;NA11-496_H02M23487P12-218292;NA11-4_H02P23TB522P-218112;NA12-016_H02N23484P12-217918;NA12-247-F2_H02M23487P12-218284;NA12-253-F2_H02P23TB520P-213954;NA12-396-F2_H02M23471P12-211567;NA12-420_H02N23487P12-218761;NA12-420_H02N23500P12-218639;NA12-420_H02N23500P12-218640;NA13-210_H02P23TB521P-203319;NA13-355_H02P23TB525P-183483;NA14-071_H02P23TB526P-183894;NA14-161_H02N23498P12-204689;NA14-161_H02N23498P12-204690;NA16-035_H02N23TB510P-171019;NA17-378_H02N23496P12-193660;NA17-378_H02N23496P12-193661;NA19-100_H02P23TB519P-177345;NA19-100_H02P23TB519P-177347;NA19-100_H02P23TB519P-177348;NA19-100_H02P23TB519P-177357;NA19-100_H02P23TB519P-177358;NA19-207_H02N23498P12-197754;NA19-207_H02N23498P12-197757;NA19-207_H02N23498P12-197758;NA19-207_H02N23498P12-197759;NA19-207_H02N23498P12-197761;NA21-086_H02N23484P12-195179;NA21-086_H02N23484P12-195180;NA21-086_H02N23484P12-195182;NA22-130_H02N23500P12-211173;NA22-130_H02N23500P12-211174;NA23-121_H02N23497P12-201014;NA23-121_H02N23497P12-201018;NA23-121_H02N23497P12-201021;NA23-121_H02N23497P12-201023;NA23-121_H02N23497P12-201025;NA23-168_H02IBC433P-191757;NA23-168_H02P23TB523P-202444;NA23-298_H02N23TB512P-172715;NA24-002_H02IBC433P-192149;NA24-002_H02IBC433P-192150;NA24-002_H02IBC433P-192155;NA24-002_H02IBC433P-192156;NA24-002_H02IBC433P-192158;NA24-002_H02IBC433P-192159;NA24-188_H02IBC418P-217031;NA24-188_H02IBC418P-217033;NA24-188_H02IBC418P-217040;NA24-188_H02IBC418P-217043;NA24-188_H02IBC418P-217061
All Regions,89,gm_pixel_count,Thal phase,-0.2505466719597677,0.0178776178925511,H02N23498P12-197768_H02N23498P12-197768;H02N23TB509P-187635;H02P23TB521P-215519;NA00-118_H02IBC428P-233028;NA00-118_H02IBC428P-233029;NA00-118_H02IBC428P-233030;NA01-161_H02P23TB517P-193924;NA01-161_H02P23TB517P-193925;NA01-161_H02P23TB517P-193926;NA03-222_H02N23499P12-212205;NA04-191_H02IBC428P-232904;NA04-191_H02N23489P12-212012;NA04-191_H02N23TB509P-187802;NA04-240_H02FBC343P-204410;NA05-111_H02P23TB515P-192965;NA05-200_H02M23471P12-211193;NA06-239_H02N23486P12-216197;NA06-239_H02N23486P12-216200;NA06-239_H02N23486P12-216201;NA07-144_H02IBC428P-233684;NA07-278_H02P23TB518P-231968;NA08-089_H02IBC428P-232905;NA08-089_H02IBC428P-232907;NA08-089_H02IBC428P-232911;NA09-034_H02N23496P12-211886;NA09-034_H02N23496P12-211887;NA10-268_H02IBC432P-231068;NA10-268_H02IBC432P-231072;NA10-268_H02IBC432P-231077;NA10-268_H02IBC432P-231081;NA11-426_H02IBC429P-241368;NA11-426_H02IBC429P-241369;NA11-426_H02P23TB522P-218102;NA11-426_H02P23TB522P-218113;NA11-496_H02M23487P12-218286;NA11-496_H02M23487P12-218288;NA11-496_H02M23487P12-218289;NA11-496_H02M23487P12-218291;NA11-496_H02M23487P12-218292;NA11-4_H02P23TB522P-218112;NA12-016_H02N23484P12-217918;NA12-247-F2_H02M23487P12-218284;NA12-253-F2_H02P23TB520P-213954;NA12-396-F2_H02M23471P12-211567;NA12-420_H02N23487P12-218761;NA12-420_H02N23500P12-218639;NA12-420_H02N23500P12-218640;NA13-210_H02P23TB521P-203319;NA13-355_H02P23TB525P-183483;NA14-071_H02P23TB526P-183894;NA14-161_H02N23498P12-204689;NA14-161_H02N23498P12-204690;NA16-035_H02N23TB510P-171019;NA17-378_H02N23496P12-193660;NA17-378_H02N23496P12-193661;NA19-100_H02P23TB519P-177345;NA19-100_H02P23TB519P-177347;NA19-100_H02P23TB519P-177348;NA19-100_H02P23TB519P-177357;NA19-100_H02P23TB519P-177358;NA19-207_H02N23498P12-197754;NA19-207_H02N23498P12-197757;NA19-207_H02N23498P12-197758;NA19-207_H02N23498P12-197759;NA19-207_H02N23498P12-197761;NA21-086_H02N23484P12-195179;NA21-086_H02N23484P12-195180;NA21-086_H02N23484P12-195182;NA22-130_H02N23500P12-211173;NA22-130_H02N23500P12-211174;NA23-121_H02N23497P12-201014;NA23-121_H02N23497P12-201018;NA23-121_H02N23497P12-201021;NA23-121_H02N23497P12-201023;NA23-121_H02N23497P12-201025;NA23-168_H02IBC433P-191757;NA23-168_H02P23TB523P-202444;NA23-298_H02N23TB512P-172715;NA24-002_H02IBC433P-192149;NA24-002_H02IBC433P-192150;NA24-002_H02IBC433P-192155;NA24-002_H02IBC433P-192156;NA24-002_H02IBC433P-192158;NA24-002_H02IBC433P-192159;NA24-188_H02IBC418P-217031;NA24-188_H02IBC418P-217033;NA24-188_H02IBC418P-217040;NA24-188_H02IBC418P-217043;NA24-188_H02IBC418P-217061
All Regions,89,gm_area_mm2,Thal phase,-0.2505466719597677,0.0178776178925511,H02N23498P12-197768_H02N23498P12-197768;H02N23TB509P-187635;H02P23TB521P-215519;NA00-118_H02IBC428P-233028;NA00-118_H02IBC428P-233029;NA00-118_H02IBC428P-233030;NA01-161_H02P23TB517P-193924;NA01-161_H02P23TB517P-193925;NA01-161_H02P23TB517P-193926;NA03-222_H02N23499P12-212205;NA04-191_H02IBC428P-232904;NA04-191_H02N23489P12-212012;NA04-191_H02N23TB509P-187802;NA04-240_H02FBC343P-204410;NA05-111_H02P23TB515P-192965;NA05-200_H02M23471P12-211193;NA06-239_H02N23486P12-216197;NA06-239_H02N23486P12-216200;NA06-239_H02N23486P12-216201;NA07-144_H02IBC428P-233684;NA07-278_H02P23TB518P-231968;NA08-089_H02IBC428P-232905;NA08-089_H02IBC428P-232907;NA08-089_H02IBC428P-232911;NA09-034_H02N23496P12-211886;NA09-034_H02N23496P12-211887;NA10-268_H02IBC432P-231068;NA10-268_H02IBC432P-231072;NA10-268_H02IBC432P-231077;NA10-268_H02IBC432P-231081;NA11-426_H02IBC429P-241368;NA11-426_H02IBC429P-241369;NA11-426_H02P23TB522P-218102;NA11-426_H02P23TB522P-218113;NA11-496_H02M23487P12-218286;NA11-496_H02M23487P12-218288;NA11-496_H02M23487P12-218289;NA11-496_H02M23487P12-218291;NA11-496_H02M23487P12-218292;NA11-4_H02P23TB522P-218112;NA12-016_H02N23484P12-217918;NA12-247-F2_H02M23487P12-218284;NA12-253-F2_H02P23TB520P-213954;NA12-396-F2_H02M23471P12-211567;NA12-420_H02N23487P12-218761;NA12-420_H02N23500P12-218639;NA12-420_H02N23500P12-218640;NA13-210_H02P23TB521P-203319;NA13-355_H02P23TB525P-183483;NA14-071_H02P23TB526P-183894;NA14-161_H02N23498P12-204689;NA14-161_H02N23498P12-204690;NA16-035_H02N23TB510P-171019;NA17-378_H02N23496P12-193660;NA17-378_H02N23496P12-193661;NA19-100_H02P23TB519P-177345;NA19-100_H02P23TB519P-177347;NA19-100_H02P23TB519P-177348;NA19-100_H02P23TB519P-177357;NA19-100_H02P23TB519P-177358;NA19-207_H02N23498P12-197754;NA19-207_H02N23498P12-197757;NA19-207_H02N23498P12-197758;NA19-207_H02N23498P12-197759;NA19-207_H02N23498P12-197761;NA21-086_H02N23484P12-195179;NA21-086_H02N23484P12-195180;NA21-086_H02N23484P12-195182;NA22-130_H02N23500P12-211173;NA22-130_H02N23500P12-211174;NA23-121_H02N23497P12-201014;NA23-121_H02N23497P12-201018;NA23-121_H02N23497P12-201021;NA23-121_H02N23497P12-201023;NA23-121_H02N23497P12-201025;NA23-168_H02IBC433P-191757;NA23-168_H02P23TB523P-202444;NA23-298_H02N23TB512P-172715;NA24-002_H02IBC433P-192149;NA24-002_H02IBC433P-192150;NA24-002_H02IBC433P-192155;NA24-002_H02IBC433P-192156;NA24-002_H02IBC433P-192158;NA24-002_H02IBC433P-192159;NA24-188_H02IBC418P-217031;NA24-188_H02IBC418P-217033;NA24-188_H02IBC418P-217040;NA24-188_H02IBC418P-217043;NA24-188_H02IBC418P-217061
Region: Anterior hippocampus,6,gray_matter_percentage,Thal phase,0.8451542547285166,0.0341094231674096,H02P23TB521P-215519;NA05-111_H02P23TB515P-192965;NA07-278_H02P23TB518P-231968;NA08-089_H02IBC428P-232907;NA13-355_H02P23TB525P-183483;NA16-035_H02N23TB510P-171019
Region: Anterior hippocampus,6,white_matter_percentage,Thal phase,-0.8451542547285166,0.0341094231674096,H02P23TB521P-215519;NA05-111_H02P23TB515P-192965;NA07-278_H02P23TB518P-231968;NA08-089_H02IBC428P-232907;NA13-355_H02P23TB525P-183483;NA16-035_H02N23TB510P-171019
Region: Anterior hippocampus,6,wm_area_mm2,Thal phase,-0.8451542547285166,0.0341094231674096,H02P23TB521P-215519;NA05-111_H02P23TB515P-192965;NA07-278_H02P23TB518P-231968;NA08-089_H02IBC428P-232907;NA13-355_H02P23TB525P-183483;NA16-035_H02N23TB510P-171019
Region: Basal forebrain,9,gm_pixel_count,Braak stage,0.8423256962816416,0.0043770110544935,NA08-089_H02IBC428P-232911;NA10-268_H02IBC432P-231081;NA11-426_H02IBC429P-241368;NA11-426_H02IBC429P-241369;NA11-496_H02M23487P12-218286;NA19-100_H02P23TB519P-177357;NA19-100_H02P23TB519P-177358;NA23-121_H02N23497P12-201014;NA24-188_H02IBC418P-217061
Region: Basal forebrain,9,gm_area_mm2,Braak stage,0.8423256962816416,0.0043770110544935,NA08-089_H02IBC428P-232911;NA10-268_H02IBC432P-231081;NA11-426_H02IBC429P-241368;NA11-426_H02IBC429P-241369;NA11-496_H02M23487P12-218286;NA19-100_H02P23TB519P-177357;NA19-100_H02P23TB519P-177358;NA23-121_H02N23497P12-201014;NA24-188_H02IBC418P-217061
Region: Basal forebrain,9,cgp_count,Braak stage,0.7536598335151529,0.0190129395513232,NA08-089_H02IBC428P-232911;NA10-268_H02IBC432P-231081;NA11-426_H02IBC429P-241368;NA11-426_H02IBC429P-241369;NA11-496_H02M23487P12-218286;NA19-100_H02P23TB519P-177357;NA19-100_H02P23TB519P-177358;NA23-121_H02N23497P12-201014;NA24-188_H02IBC418P-217061
Region: Basal forebrain,9,cgp_density_mm2,Braak stage,0.6915937295786109,0.039042979976526,NA08-089_H02IBC428P-232911;NA10-268_H02IBC432P-231081;NA11-426_H02IBC429P-241368;NA11-426_H02IBC429P-241369;NA11-496_H02M23487P12-218286;NA19-100_H02P23TB519P-177357;NA19-100_H02P23TB519P-177358;NA23-121_H02N23497P12-201014;NA24-188_H02IBC418P-217061
Region: Basal forebrain,9,cgp_count,Thal phase,0.7523841248624464,0.0193334902788505,NA08-089_H02IBC428P-232911;NA10-268_H02IBC432P-231081;NA11-426_H02IBC429P-241368;NA11-426_H02IBC429P-241369;NA11-496_H02M23487P12-218286;NA19-100_H02P23TB519P-177357;NA19-100_H02P23TB519P-177358;NA23-121_H02N23497P12-201014;NA24-188_H02IBC418P-217061
Region: Basal forebrain,9,cgp_density_mm2,Thal phase,0.735284485661027,0.0239812461821956,NA08-089_H02IBC428P-232911;NA10-268_H02IBC432P-231081;NA11-426_H02IBC429P-241368;NA11-426_H02IBC429P-241369;NA11-496_H02M23487P12-218286;NA19-100_H02P23TB519P-177357;NA19-100_H02P23TB519P-177358;NA23-121_H02N23497P12-201014;NA24-188_H02IBC418P-217061
Region: Basal forebrain,9,gm_pixel_count,Thal phase,0.7181848464596079,0.0293106004742914,NA08-089_H02IBC428P-232911;NA10-268_H02IBC432P-231081;NA11-426_H02IBC429P-241368;NA11-426_H02IBC429P-241369;NA11-496_H02M23487P12-218286;NA19-100_H02P23TB519P-177357;NA19-100_H02P23TB519P-177358;NA23-121_H02N23497P12-201014;NA24-188_H02IBC418P-217061
Region: Basal forebrain,9,gm_area_mm2,Thal phase,0.7181848464596079,0.0293106004742914,NA08-089_H02IBC428P-232911;NA10-268_H02IBC432P-231081;NA11-426_H02IBC429P-241368;NA11-426_H02IBC429P-241369;NA11-496_H02M23487P12-218286;NA19-100_H02P23TB519P-177357;NA19-100_H02P23TB519P-177358;NA23-121_H02N23497P12-201014;NA24-188_H02IBC418P-217061
Region: Medial frontal,18,gray_area_mm2,Thal phase,-0.5881988742622354,0.0102414338938683,H02N23498P12-197768_H02N23498P12-197768;NA00-118_H02IBC428P-233029;NA00-118_H02IBC428P-233030;NA01-161_H02P23TB517P-193924;NA06-239_H02N23486P12-216197;NA11-426_H02P23TB522P-218102;NA12-420_H02N23487P12-218761;NA12-420_H02N23500P12-218639;NA12-420_H02N23500P12-218640;NA21-086_H02N23484P12-195179;NA21-086_H02N23484P12-195182;NA22-130_H02N23500P12-211173;NA22-130_H02N23500P12-211174;NA23-121_H02N23497P12-201025;NA24-002_H02IBC433P-192158;NA24-002_H02IBC433P-192159;NA24-188_H02IBC418P-217040;NA24-188_H02IBC418P-217043
Region: Medial frontal,18,gm_pixel_count,Thal phase,-0.5498111582577526,0.0180883181827058,H02N23498P12-197768_H02N23498P12-197768;NA00-118_H02IBC428P-233029;NA00-118_H02IBC428P-233030;NA01-161_H02P23TB517P-193924;NA06-239_H02N23486P12-216197;NA11-426_H02P23TB522P-218102;NA12-420_H02N23487P12-218761;NA12-420_H02N23500P12-218639;NA12-420_H02N23500P12-218640;NA21-086_H02N23484P12-195179;NA21-086_H02N23484P12-195182;NA22-130_H02N23500P12-211173;NA22-130_H02N23500P12-211174;NA23-121_H02N23497P12-201025;NA24-002_H02IBC433P-192158;NA24-002_H02IBC433P-192159;NA24-188_H02IBC418P-217040;NA24-188_H02IBC418P-217043
Region: Medial frontal,18,gm_area_mm2,Thal phase,-0.5498111582577526,0.0180883181827058,H02N23498P12-197768_H02N23498P12-197768;NA00-118_H02IBC428P-233029;NA00-118_H02IBC428P-233030;NA01-161_H02P23TB517P-193924;NA06-239_H02N23486P12-216197;NA11-426_H02P23TB522P-218102;NA12-420_H02N23487P12-218761;NA12-420_H02N23500P12-218639;NA12-420_H02N23500P12-218640;NA21-086_H02N23484P12-195179;NA21-086_H02N23484P12-195182;NA22-130_H02N23500P12-211173;NA22-130_H02N23500P12-211174;NA23-121_H02N23497P12-201025;NA24-002_H02IBC433P-192158;NA24-002_H02IBC433P-192159;NA24-188_H02IBC418P-217040;NA24-188_H02IBC418P-217043
Region: Medial frontal,18,gray_matter_percentage,Thal phase,-0.5337130838042599,0.0225358716089963,H02N23498P12-197768_H02N23498P12-197768;NA00-118_H02IBC428P-233029;NA00-118_H02IBC428P-233030;NA01-161_H02P23TB517P-193924;NA06-239_H02N23486P12-216197;NA11-426_H02P23TB522P-218102;NA12-420_H02N23487P12-218761;NA12-420_H02N23500P12-218639;NA12-420_H02N23500P12-218640;NA21-086_H02N23484P12-195179;NA21-086_H02N23484P12-195182;NA22-130_H02N23500P12-211173;NA22-130_H02N23500P12-211174;NA23-121_H02N23497P12-201025;NA24-002_H02IBC433P-192158;NA24-002_H02IBC433P-192159;NA24-188_H02IBC418P-217040;NA24-188_H02IBC418P-217043
Region: Medial frontal,18,white_matter_percentage,Thal phase,0.5337130838042599,0.0225358716089963,H02N23498P12-197768_H02N23498P12-197768;NA00-118_H02IBC428P-233029;NA00-118_H02IBC428P-233030;NA01-161_H02P23TB517P-193924;NA06-239_H02N23486P12-216197;NA11-426_H02P23TB522P-218102;NA12-420_H02N23487P12-218761;NA12-420_H02N23500P12-218639;NA12-420_H02N23500P12-218640;NA21-086_H02N23484P12-195179;NA21-086_H02N23484P12-195182;NA22-130_H02N23500P12-211173;NA22-130_H02N23500P12-211174;NA23-121_H02N23497P12-201025;NA24-002_H02IBC433P-192158;NA24-002_H02IBC433P-192159;NA24-188_H02IBC418P-217040;NA24-188_H02IBC418P-217043
Region: Posterior Hippocampus,29,total_pathology_count,Braak stage,0.5548011640705314,0.0017870399291798,NA03-222_H02N23499P12-212205;NA04-191_H02N23489P12-212012;NA04-240_H02FBC343P-204410;NA05-200_H02M23471P12-211193;NA06-239_H02N23486P12-216200;NA06-239_H02N23486P12-216201;NA07-144_H02IBC428P-233684;NA09-034_H02N23496P12-211886;NA10-268_H02IBC432P-231077;NA11-426_H02P23TB522P-218113;NA11-496_H02M23487P12-218291;NA11-4_H02P23TB522P-218112;NA12-247-F2_H02M23487P12-218284;NA12-253-F2_H02P23TB520P-213954;NA12-396-F2_H02M23471P12-211567;NA13-210_H02P23TB521P-203319;NA14-071_H02P23TB526P-183894;NA14-161_H02N23498P12-204689;NA14-161_H02N23498P12-204690;NA19-100_H02P23TB519P-177347;NA19-207_H02N23498P12-197757;NA19-207_H02N23498P12-197758;NA19-207_H02N23498P12-197759;NA19-207_H02N23498P12-197761;NA23-121_H02N23497P12-201018;NA24-002_H02IBC433P-192155;NA24-002_H02IBC433P-192156;NA24-188_H02IBC418P-217031;NA24-188_H02IBC418P-217033
Region: Posterior Hippocampus,31,amyloid_density_percent,Braak stage,0.5319042664177931,0.0020723473934072,H02N23TB509P-187635;NA03-222_H02N23499P12-212205;NA04-191_H02N23489P12-212012;NA04-240_H02FBC343P-204410;NA05-200_H02M23471P12-211193;NA06-239_H02N23486P12-216200;NA06-239_H02N23486P12-216201;NA07-144_H02IBC428P-233684;NA09-034_H02N23496P12-211886;NA09-034_H02N23496P12-211887;NA10-268_H02IBC432P-231077;NA11-426_H02P23TB522P-218113;NA11-496_H02M23487P12-218291;NA11-4_H02P23TB522P-218112;NA12-247-F2_H02M23487P12-218284;NA12-253-F2_H02P23TB520P-213954;NA12-396-F2_H02M23471P12-211567;NA13-210_H02P23TB521P-203319;NA14-071_H02P23TB526P-183894;NA14-161_H02N23498P12-204689;NA14-161_H02N23498P12-204690;NA19-100_H02P23TB519P-177347;NA19-207_H02N23498P12-197757;NA19-207_H02N23498P12-197758;NA19-207_H02N23498P12-197759;NA19-207_H02N23498P12-197761;NA23-121_H02N23497P12-201018;NA24-002_H02IBC433P-192155;NA24-002_H02IBC433P-192156;NA24-188_H02IBC418P-217031;NA24-188_H02IBC418P-217033
Region: Posterior Hippocampus,29,total_pathology_density_mm2,Braak stage,0.5204535579003725,0.0037996920145019,NA03-222_H02N23499P12-212205;NA04-191_H02N23489P12-212012;NA04-240_H02FBC343P-204410;NA05-200_H02M23471P12-211193;NA06-239_H02N23486P12-216200;NA06-239_H02N23486P12-216201;NA07-144_H02IBC428P-233684;NA09-034_H02N23496P12-211886;NA10-268_H02IBC432P-231077;NA11-426_H02P23TB522P-218113;NA11-496_H02M23487P12-218291;NA11-4_H02P23TB522P-218112;NA12-247-F2_H02M23487P12-218284;NA12-253-F2_H02P23TB520P-213954;NA12-396-F2_H02M23471P12-211567;NA13-210_H02P23TB521P-203319;NA14-071_H02P23TB526P-183894;NA14-161_H02N23498P12-204689;NA14-161_H02N23498P12-204690;NA19-100_H02P23TB519P-177347;NA19-207_H02N23498P12-197757;NA19-207_H02N23498P12-197758;NA19-207_H02N23498P12-197759;NA19-207_H02N23498P12-197761;NA23-121_H02N23497P12-201018;NA24-002_H02IBC433P-192155;NA24-002_H02IBC433P-192156;NA24-188_H02IBC418P-217031;NA24-188_H02IBC418P-217033
Region: Posterior Hippocampus,31,amyloid_pixel_count,Braak stage,0.500726929309823,0.0041173427553777,H02N23TB509P-187635;NA03-222_H02N23499P12-212205;NA04-191_H02N23489P12-212012;NA04-240_H02FBC343P-204410;NA05-200_H02M23471P12-211193;NA06-239_H02N23486P12-216200;NA06-239_H02N23486P12-216201;NA07-144_H02IBC428P-233684;NA09-034_H02N23496P12-211886;NA09-034_H02N23496P12-211887;NA10-268_H02IBC432P-231077;NA11-426_H02P23TB522P-218113;NA11-496_H02M23487P12-218291;NA11-4_H02P23TB522P-218112;NA12-247-F2_H02M23487P12-218284;NA12-253-F2_H02P23TB520P-213954;NA12-396-F2_H02M23471P12-211567;NA13-210_H02P23TB521P-203319;NA14-071_H02P23TB526P-183894;NA14-161_H02N23498P12-204689;NA14-161_H02N23498P12-204690;NA19-100_H02P23TB519P-177347;NA19-207_H02N23498P12-197757;NA19-207_H02N23498P12-197758;NA19-207_H02N23498P12-197759;NA19-207_H02N23498P12-197761;NA23-121_H02N23497P12-201018;NA24-002_H02IBC433P-192155;NA24-002_H02IBC433P-192156;NA24-188_H02IBC418P-217031;NA24-188_H02IBC418P-217033
Region: Posterior Hippocampus,31,amyloid_area_mm2,Braak stage,0.500726929309823,0.0041173427553777,H02N23TB509P-187635;NA03-222_H02N23499P12-212205;NA04-191_H02N23489P12-212012;NA04-240_H02FBC343P-204410;NA05-200_H02M23471P12-211193;NA06-239_H02N23486P12-216200;NA06-239_H02N23486P12-216201;NA07-144_H02IBC428P-233684;NA09-034_H02N23496P12-211886;NA09-034_H02N23496P12-211887;NA10-268_H02IBC432P-231077;NA11-426_H02P23TB522P-218113;NA11-496_H02M23487P12-218291;NA11-4_H02P23TB522P-218112;NA12-247-F2_H02M23487P12-218284;NA12-253-F2_H02P23TB520P-213954;NA12-396-F2_H02M23471P12-211567;NA13-210_H02P23TB521P-203319;NA14-071_H02P23TB526P-183894;NA14-161_H02N23498P12-204689;NA14-161_H02N23498P12-204690;NA19-100_H02P23TB519P-177347;NA19-207_H02N23498P12-197757;NA19-207_H02N23498P12-197758;NA19-207_H02N23498P12-197759;NA19-207_H02N23498P12-197761;NA23-121_H02N23497P12-201018;NA24-002_H02IBC433P-192155;NA24-002_H02IBC433P-192156;NA24-188_H02IBC418P-217031;NA24-188_H02IBC418P-217033
Region: Posterior Hippocampus,29,ccp_density_mm2,Braak stage,0.4339081126524851,0.0186870538966323,NA03-222_H02N23499P12-212205;NA04-191_H02N23489P12-212012;NA04-240_H02FBC343P-204410;NA05-200_H02M23471P12-211193;NA06-239_H02N23486P12-216200;NA06-239_H02N23486P12-216201;NA07-144_H02IBC428P-233684;NA09-034_H02N23496P12-211886;NA10-268_H02IBC432P-231077;NA11-426_H02P23TB522P-218113;NA11-496_H02M23487P12-218291;NA11-4_H02P23TB522P-218112;NA12-247-F2_H02M23487P12-218284;NA12-253-F2_H02P23TB520P-213954;NA12-396-F2_H02M23471P12-211567;NA13-210_H02P23TB521P-203319;NA14-071_H02P23TB526P-183894;NA14-161_H02N23498P12-204689;NA14-161_H02N23498P12-204690;NA19-100_H02P23TB519P-177347;NA19-207_H02N23498P12-197757;NA19-207_H02N23498P12-197758;NA19-207_H02N23498P12-197759;NA19-207_H02N23498P12-197761;NA23-121_H02N23497P12-201018;NA24-002_H02IBC433P-192155;NA24-002_H02IBC433P-192156;NA24-188_H02IBC418P-217031;NA24-188_H02IBC418P-217033
Region: Posterior Hippocampus,29,cgp_density_mm2,Braak stage,0.4321777577112781,0.0192171580039968,NA03-222_H02N23499P12-212205;NA04-191_H02N23489P12-212012;NA04-240_H02FBC343P-204410;NA05-200_H02M23471P12-211193;NA06-239_H02N23486P12-216200;NA06-239_H02N23486P12-216201;NA07-144_H02IBC428P-233684;NA09-034_H02N23496P12-211886;NA10-268_H02IBC432P-231077;NA11-426_H02P23TB522P-218113;NA11-496_H02M23487P12-218291;NA11-4_H02P23TB522P-218112;NA12-247-F2_H02M23487P12-218284;NA12-253-F2_H02P23TB520P-213954;NA12-396-F2_H02M23471P12-211567;NA13-210_H02P23TB521P-203319;NA14-071_H02P23TB526P-183894;NA14-161_H02N23498P12-204689;NA14-161_H02N23498P12-204690;NA19-100_H02P23TB519P-177347;NA19-207_H02N23498P12-197757;NA19-207_H02N23498P12-197758;NA19-207_H02N23498P12-197759;NA19-207_H02N23498P12-197761;NA23-121_H02N23497P12-201018;NA24-002_H02IBC433P-192155;NA24-002_H02IBC433P-192156;NA24-188_H02IBC418P-217031;NA24-188_H02IBC418P-217033
Region: Posterior Hippocampus,29,cgp_count,Braak stage,0.430987363139582,0.0195889870637616,NA03-222_H02N23499P12-212205;NA04-191_H02N23489P12-212012;NA04-240_H02FBC343P-204410;NA05-200_H02M23471P12-211193;NA06-239_H02N23486P12-216200;NA06-239_H02N23486P12-216201;NA07-144_H02IBC428P-233684;NA09-034_H02N23496P12-211886;NA10-268_H02IBC432P-231077;NA11-426_H02P23TB522P-218113;NA11-496_H02M23487P12-218291;NA11-4_H02P23TB522P-218112;NA12-247-F2_H02M23487P12-218284;NA12-253-F2_H02P23TB520P-213954;NA12-396-F2_H02M23471P12-211567;NA13-210_H02P23TB521P-203319;NA14-071_H02P23TB526P-183894;NA14-161_H02N23498P12-204689;NA14-161_H02N23498P12-204690;NA19-100_H02P23TB519P-177347;NA19-207_H02N23498P12-197757;NA19-207_H02N23498P12-197758;NA19-207_H02N23498P12-197759;NA19-207_H02N23498P12-197761;NA23-121_H02N23497P12-201018;NA24-002_H02IBC433P-192155;NA24-002_H02IBC433P-192156;NA24-188_H02IBC418P-217031;NA24-188_H02IBC418P-217033
Region: Posterior Hippocampus,29,caa 2_count,Braak stage,0.4206225253050038,0.0230836204628766,NA03-222_H02N23499P12-212205;NA04-191_H02N23489P12-212012;NA04-240_H02FBC343P-204410;NA05-200_H02M23471P12-211193;NA06-239_H02N23486P12-216200;NA06-239_H02N23486P12-216201;NA07-144_H02IBC428P-233684;NA09-034_H02N23496P12-211886;NA10-268_H02IBC432P-231077;NA11-426_H02P23TB522P-218113;NA11-496_H02M23487P12-218291;NA11-4_H02P23TB522P-218112;NA12-247-F2_H02M23487P12-218284;NA12-253-F2_H02P23TB520P-213954;NA12-396-F2_H02M23471P12-211567;NA13-210_H02P23TB521P-203319;NA14-071_H02P23TB526P-183894;NA14-161_H02N23498P12-204689;NA14-161_H02N23498P12-204690;NA19-100_H02P23TB519P-177347;NA19-207_H02N23498P12-197757;NA19-207_H02N23498P12-197758;NA19-207_H02N23498P12-197759;NA19-207_H02N23498P12-197761;NA23-121_H02N23497P12-201018;NA24-002_H02IBC433P-192155;NA24-002_H02IBC433P-192156;NA24-188_H02IBC418P-217031;NA24-188_H02IBC418P-217033
Region: Posterior Hippocampus,29,ccp_count,Braak stage,0.4152411493658421,0.0250900380530232,NA03-222_H02N23499P12-212205;NA04-191_H02N23489P12-212012;NA04-240_H02FBC343P-204410;NA05-200_H02M23471P12-211193;NA06-239_H02N23486P12-216200;NA06-239_H02N23486P12-216201;NA07-144_H02IBC428P-233684;NA09-034_H02N23496P12-211886;NA10-268_H02IBC432P-231077;NA11-426_H02P23TB522P-218113;NA11-496_H02M23487P12-218291;NA11-4_H02P23TB522P-218112;NA12-247-F2_H02M23487P12-218284;NA12-253-F2_H02P23TB520P-213954;NA12-396-F2_H02M23471P12-211567;NA13-210_H02P23TB521P-203319;NA14-071_H02P23TB526P-183894;NA14-161_H02N23498P12-204689;NA14-161_H02N23498P12-204690;NA19-100_H02P23TB519P-177347;NA19-207_H02N23498P12-197757;NA19-207_H02N23498P12-197758;NA19-207_H02N23498P12-197759;NA19-207_H02N23498P12-197761;NA23-121_H02N23497P12-201018;NA24-002_H02IBC433P-192155;NA24-002_H02IBC433P-192156;NA24-188_H02IBC418P-217031;NA24-188_H02IBC418P-217033
Region: Posterior Hippocampus,29,caa 2_density_mm2,Braak stage,0.4014012619377035,0.0309104681504313,NA03-222_H02N23499P12-212205;NA04-191_H02N23489P12-212012;NA04-240_H02FBC343P-204410;NA05-200_H02M23471P12-211193;NA06-239_H02N23486P12-216200;NA06-239_H02N23486P12-216201;NA07-144_H02IBC428P-233684;NA09-034_H02N23496P12-211886;NA10-268_H02IBC432P-231077;NA11-426_H02P23TB522P-218113;NA11-496_H02M23487P12-218291;NA11-4_H02P23TB522P-218112;NA12-247-F2_H02M23487P12-218284;NA12-253-F2_H02P23TB520P-213954;NA12-396-F2_H02M23471P12-211567;NA13-210_H02P23TB521P-203319;NA14-071_H02P23TB526P-183894;NA14-161_H02N23498P12-204689;NA14-161_H02N23498P12-204690;NA19-100_H02P23TB519P-177347;NA19-207_H02N23498P12-197757;NA19-207_H02N23498P12-197758;NA19-207_H02N23498P12-197759;NA19-207_H02N23498P12-197761;NA23-121_H02N23497P12-201018;NA24-002_H02IBC433P-192155;NA24-002_H02IBC433P-192156;NA24-188_H02IBC418P-217031;NA24-188_H02IBC418P-217033
Region: Posterior Hippocampus,31,amyloid_density_percent,Thal phase,0.6207791848661762,0.0001944712261456,H02N23TB509P-187635;NA03-222_H02N23499P12-212205;NA04-191_H02N23489P12-212012;NA04-240_H02FBC343P-204410;NA05-200_H02M23471P12-211193;NA06-239_H02N23486P12-216200;NA06-239_H02N23486P12-216201;NA07-144_H02IBC428P-233684;NA09-034_H02N23496P12-211886;NA09-034_H02N23496P12-211887;NA10-268_H02IBC432P-231077;NA11-426_H02P23TB522P-218113;NA11-496_H02M23487P12-218291;NA11-4_H02P23TB522P-218112;NA12-247-F2_H02M23487P12-218284;NA12-253-F2_H02P23TB520P-213954;NA12-396-F2_H02M23471P12-211567;NA13-210_H02P23TB521P-203319;NA14-071_H02P23TB526P-183894;NA14-161_H02N23498P12-204689;NA14-161_H02N23498P12-204690;NA19-100_H02P23TB519P-177347;NA19-207_H02N23498P12-197757;NA19-207_H02N23498P12-197758;NA19-207_H02N23498P12-197759;NA19-207_H02N23498P12-197761;NA23-121_H02N23497P12-201018;NA24-002_H02IBC433P-192155;NA24-002_H02IBC433P-192156;NA24-188_H02IBC418P-217031;NA24-188_H02IBC418P-217033
Region: Posterior Hippocampus,31,amyloid_pixel_count,Thal phase,0.5798044427899273,0.0006296568646398,H02N23TB509P-187635;NA03-222_H02N23499P12-212205;NA04-191_H02N23489P12-212012;NA04-240_H02FBC343P-204410;NA05-200_H02M23471P12-211193;NA06-239_H02N23486P12-216200;NA06-239_H02N23486P12-216201;NA07-144_H02IBC428P-233684;NA09-034_H02N23496P12-211886;NA09-034_H02N23496P12-211887;NA10-268_H02IBC432P-231077;NA11-426_H02P23TB522P-218113;NA11-496_H02M23487P12-218291;NA11-4_H02P23TB522P-218112;NA12-247-F2_H02M23487P12-218284;NA12-253-F2_H02P23TB520P-213954;NA12-396-F2_H02M23471P12-211567;NA13-210_H02P23TB521P-203319;NA14-071_H02P23TB526P-183894;NA14-161_H02N23498P12-204689;NA14-161_H02N23498P12-204690;NA19-100_H02P23TB519P-177347;NA19-207_H02N23498P12-197757;NA19-207_H02N23498P12-197758;NA19-207_H02N23498P12-197759;NA19-207_H02N23498P12-197761;NA23-121_H02N23497P12-201018;NA24-002_H02IBC433P-192155;NA24-002_H02IBC433P-192156;NA24-188_H02IBC418P-217031;NA24-188_H02IBC418P-217033
Region: Posterior Hippocampus,31,amyloid_area_mm2,Thal phase,0.5798044427899273,0.0006296568646398,H02N23TB509P-187635;NA03-222_H02N23499P12-212205;NA04-191_H02N23489P12-212012;NA04-240_H02FBC343P-204410;NA05-200_H02M23471P12-211193;NA06-239_H02N23486P12-216200;NA06-239_H02N23486P12-216201;NA07-144_H02IBC428P-233684;NA09-034_H02N23496P12-211886;NA09-034_H02N23496P12-211887;NA10-268_H02IBC432P-231077;NA11-426_H02P23TB522P-218113;NA11-496_H02M23487P12-218291;NA11-4_H02P23TB522P-218112;NA12-247-F2_H02M23487P12-218284;NA12-253-F2_H02P23TB520P-213954;NA12-396-F2_H02M23471P12-211567;NA13-210_H02P23TB521P-203319;NA14-071_H02P23TB526P-183894;NA14-161_H02N23498P12-204689;NA14-161_H02N23498P12-204690;NA19-100_H02P23TB519P-177347;NA19-207_H02N23498P12-197757;NA19-207_H02N23498P12-197758;NA19-207_H02N23498P12-197759;NA19-207_H02N23498P12-197761;NA23-121_H02N23497P12-201018;NA24-002_H02IBC433P-192155;NA24-002_H02IBC433P-192156;NA24-188_H02IBC418P-217031;NA24-188_H02IBC418P-217033
Region: Posterior Hippocampus,29,total_pathology_count,Thal phase,0.5879207301718222,0.0007968761998974,NA03-222_H02N23499P12-212205;NA04-191_H02N23489P12-212012;NA04-240_H02FBC343P-204410;NA05-200_H02M23471P12-211193;NA06-239_H02N23486P12-216200;NA06-239_H02N23486P12-216201;NA07-144_H02IBC428P-233684;NA09-034_H02N23496P12-211886;NA10-268_H02IBC432P-231077;NA11-426_H02P23TB522P-218113;NA11-496_H02M23487P12-218291;NA11-4_H02P23TB522P-218112;NA12-247-F2_H02M23487P12-218284;NA12-253-F2_H02P23TB520P-213954;NA12-396-F2_H02M23471P12-211567;NA13-210_H02P23TB521P-203319;NA14-071_H02P23TB526P-183894;NA14-161_H02N23498P12-204689;NA14-161_H02N23498P12-204690;NA19-100_H02P23TB519P-177347;NA19-207_H02N23498P12-197757;NA19-207_H02N23498P12-197758;NA19-207_H02N23498P12-197759;NA19-207_H02N23498P12-197761;NA23-121_H02N23497P12-201018;NA24-002_H02IBC433P-192155;NA24-002_H02IBC433P-192156;NA24-188_H02IBC418P-217031;NA24-188_H02IBC418P-217033
Region: Posterior Hippocampus,29,total_pathology_density_mm2,Thal phase,0.5631446954347846,0.0014695850108259,NA03-222_H02N23499P12-212205;NA04-191_H02N23489P12-212012;NA04-240_H02FBC343P-204410;NA05-200_H02M23471P12-211193;NA06-239_H02N23486P12-216200;NA06-239_H02N23486P12-216201;NA07-144_H02IBC428P-233684;NA09-034_H02N23496P12-211886;NA10-268_H02IBC432P-231077;NA11-426_H02P23TB522P-218113;NA11-496_H02M23487P12-218291;NA11-4_H02P23TB522P-218112;NA12-247-F2_H02M23487P12-218284;NA12-253-F2_H02P23TB520P-213954;NA12-396-F2_H02M23471P12-211567;NA13-210_H02P23TB521P-203319;NA14-071_H02P23TB526P-183894;NA14-161_H02N23498P12-204689;NA14-161_H02N23498P12-204690;NA19-100_H02P23TB519P-177347;NA19-207_H02N23498P12-197757;NA19-207_H02N23498P12-197758;NA19-207_H02N23498P12-197759;NA19-207_H02N23498P12-197761;NA23-121_H02N23497P12-201018;NA24-002_H02IBC433P-192155;NA24-002_H02IBC433P-192156;NA24-188_H02IBC418P-217031;NA24-188_H02IBC418P-217033
Region: Posterior Hippocampus,31,wm_area_mm2,Thal phase,-0.5125395482832527,0.0031982973491303,H02N23TB509P-187635;NA03-222_H02N23499P12-212205;NA04-191_H02N23489P12-212012;NA04-240_H02FBC343P-204410;NA05-200_H02M23471P12-211193;NA06-239_H02N23486P12-216200;NA06-239_H02N23486P12-216201;NA07-144_H02IBC428P-233684;NA09-034_H02N23496P12-211886;NA09-034_H02N23496P12-211887;NA10-268_H02IBC432P-231077;NA11-426_H02P23TB522P-218113;NA11-496_H02M23487P12-218291;NA11-4_H02P23TB522P-218112;NA12-247-F2_H02M23487P12-218284;NA12-253-F2_H02P23TB520P-213954;NA12-396-F2_H02M23471P12-211567;NA13-210_H02P23TB521P-203319;NA14-071_H02P23TB526P-183894;NA14-161_H02N23498P12-204689;NA14-161_H02N23498P12-204690;NA19-100_H02P23TB519P-177347;NA19-207_H02N23498P12-197757;NA19-207_H02N23498P12-197758;NA19-207_H02N23498P12-197759;NA19-207_H02N23498P12-197761;NA23-121_H02N23497P12-201018;NA24-002_H02IBC433P-192155;NA24-002_H02IBC433P-192156;NA24-188_H02IBC418P-217031;NA24-188_H02IBC418P-217033
Region: Posterior Hippocampus,29,ccp_count,Thal phase,0.524992198749776,0.0034545330924776,NA03-222_H02N23499P12-212205;NA04-191_H02N23489P12-212012;NA04-240_H02FBC343P-204410;NA05-200_H02M23471P12-211193;NA06-239_H02N23486P12-216200;NA06-239_H02N23486P12-216201;NA07-144_H02IBC428P-233684;NA09-034_H02N23496P12-211886;NA10-268_H02IBC432P-231077;NA11-426_H02P23TB522P-218113;NA11-496_H02M23487P12-218291;NA11-4_H02P23TB522P-218112;NA12-247-F2_H02M23487P12-218284;NA12-253-F2_H02P23TB520P-213954;NA12-396-F2_H02M23471P12-211567;NA13-210_H02P23TB521P-203319;NA14-071_H02P23TB526P-183894;NA14-161_H02N23498P12-204689;NA14-161_H02N23498P12-204690;NA19-100_H02P23TB519P-177347;NA19-207_H02N23498P12-197757;NA19-207_H02N23498P12-197758;NA19-207_H02N23498P12-197759;NA19-207_H02N23498P12-197761;NA23-121_H02N23497P12-201018;NA24-002_H02IBC433P-192155;NA24-002_H02IBC433P-192156;NA24-188_H02IBC418P-217031;NA24-188_H02IBC418P-217033
Region: Posterior Hippocampus,29,ccp_density_mm2,Thal phase,0.5066806312065119,0.0050335884611078,NA03-222_H02N23499P12-212205;NA04-191_H02N23489P12-212012;NA04-240_H02FBC343P-204410;NA05-200_H02M23471P12-211193;NA06-239_H02N23486P12-216200;NA06-239_H02N23486P12-216201;NA07-144_H02IBC428P-233684;NA09-034_H02N23496P12-211886;NA10-268_H02IBC432P-231077;NA11-426_H02P23TB522P-218113;NA11-496_H02M23487P12-218291;NA11-4_H02P23TB522P-218112;NA12-247-F2_H02M23487P12-218284;NA12-253-F2_H02P23TB520P-213954;NA12-396-F2_H02M23471P12-211567;NA13-210_H02P23TB521P-203319;NA14-071_H02P23TB526P-183894;NA14-161_H02N23498P12-204689;NA14-161_H02N23498P12-204690;NA19-100_H02P23TB519P-177347;NA19-207_H02N23498P12-197757;NA19-207_H02N23498P12-197758;NA19-207_H02N23498P12-197759;NA19-207_H02N23498P12-197761;NA23-121_H02N23497P12-201018;NA24-002_H02IBC433P-192155;NA24-002_H02IBC433P-192156;NA24-188_H02IBC418P-217031;NA24-188_H02IBC418P-217033
Region: Posterior Hippocampus,29,cgp_density_mm2,Thal phase,0.5039305148722341,0.0053170573570992,NA03-222_H02N23499P12-212205;NA04-191_H02N23489P12-212012;NA04-240_H02FBC343P-204410;NA05-200_H02M23471P12-211193;NA06-239_H02N23486P12-216200;NA06-239_H02N23486P12-216201;NA07-144_H02IBC428P-233684;NA09-034_H02N23496P12-211886;NA10-268_H02IBC432P-231077;NA11-426_H02P23TB522P-218113;NA11-496_H02M23487P12-218291;NA11-4_H02P23TB522P-218112;NA12-247-F2_H02M23487P12-218284;NA12-253-F2_H02P23TB520P-213954;NA12-396-F2_H02M23471P12-211567;NA13-210_H02P23TB521P-203319;NA14-071_H02P23TB526P-183894;NA14-161_H02N23498P12-204689;NA14-161_H02N23498P12-204690;NA19-100_H02P23TB519P-177347;NA19-207_H02N23498P12-197757;NA19-207_H02N23498P12-197758;NA19-207_H02N23498P12-197759;NA19-207_H02N23498P12-197761;NA23-121_H02N23497P12-201018;NA24-002_H02IBC433P-192155;NA24-002_H02IBC433P-192156;NA24-188_H02IBC418P-217031;NA24-188_H02IBC418P-217033
Region: Posterior Hippocampus,31,gray_matter_percentage,Thal phase,0.4663541453649373,0.0081828050502619,H02N23TB509P-187635;NA03-222_H02N23499P12-212205;NA04-191_H02N23489P12-212012;NA04-240_H02FBC343P-204410;NA05-200_H02M23471P12-211193;NA06-239_H02N23486P12-216200;NA06-239_H02N23486P12-216201;NA07-144_H02IBC428P-233684;NA09-034_H02N23496P12-211886;NA09-034_H02N23496P12-211887;NA10-268_H02IBC432P-231077;NA11-426_H02P23TB522P-218113;NA11-496_H02M23487P12-218291;NA11-4_H02P23TB522P-218112;NA12-247-F2_H02M23487P12-218284;NA12-253-F2_H02P23TB520P-213954;NA12-396-F2_H02M23471P12-211567;NA13-210_H02P23TB521P-203319;NA14-071_H02P23TB526P-183894;NA14-161_H02N23498P12-204689;NA14-161_H02N23498P12-204690;NA19-100_H02P23TB519P-177347;NA19-207_H02N23498P12-197757;NA19-207_H02N23498P12-197758;NA19-207_H02N23498P12-197759;NA19-207_H02N23498P12-197761;NA23-121_H02N23497P12-201018;NA24-002_H02IBC433P-192155;NA24-002_H02IBC433P-192156;NA24-188_H02IBC418P-217031;NA24-188_H02IBC418P-217033
Region: Posterior Hippocampus,31,white_matter_percentage,Thal phase,-0.4663541453649373,0.0081828050502619,H02N23TB509P-187635;NA03-222_H02N23499P12-212205;NA04-191_H02N23489P12-212012;NA04-240_H02FBC343P-204410;NA05-200_H02M23471P12-211193;NA06-239_H02N23486P12-216200;NA06-239_H02N23486P12-216201;NA07-144_H02IBC428P-233684;NA09-034_H02N23496P12-211886;NA09-034_H02N23496P12-211887;NA10-268_H02IBC432P-231077;NA11-426_H02P23TB522P-218113;NA11-496_H02M23487P12-218291;NA11-4_H02P23TB522P-218112;NA12-247-F2_H02M23487P12-218284;NA12-253-F2_H02P23TB520P-213954;NA12-396-F2_H02M23471P12-211567;NA13-210_H02P23TB521P-203319;NA14-071_H02P23TB526P-183894;NA14-161_H02N23498P12-204689;NA14-161_H02N23498P12-204690;NA19-100_H02P23TB519P-177347;NA19-207_H02N23498P12-197757;NA19-207_H02N23498P12-197758;NA19-207_H02N23498P12-197759;NA19-207_H02N23498P12-197761;NA23-121_H02N23497P12-201018;NA24-002_H02IBC433P-192155;NA24-002_H02IBC433P-192156;NA24-188_H02IBC418P-217031;NA24-188_H02IBC418P-217033
Region: Posterior Hippocampus,29,cgp_count,Thal phase,0.4782706433145102,0.0086826579340623,NA03-222_H02N23499P12-212205;NA04-191_H02N23489P12-212012;NA04-240_H02FBC343P-204410;NA05-200_H02M23471P12-211193;NA06-239_H02N23486P12-216200;NA06-239_H02N23486P12-216201;NA07-144_H02IBC428P-233684;NA09-034_H02N23496P12-211886;NA10-268_H02IBC432P-231077;NA11-426_H02P23TB522P-218113;NA11-496_H02M23487P12-218291;NA11-4_H02P23TB522P-218112;NA12-247-F2_H02M23487P12-218284;NA12-253-F2_H02P23TB520P-213954;NA12-396-F2_H02M23471P12-211567;NA13-210_H02P23TB521P-203319;NA14-071_H02P23TB526P-183894;NA14-161_H02N23498P12-204689;NA14-161_H02N23498P12-204690;NA19-100_H02P23TB519P-177347;NA19-207_H02N23498P12-197757;NA19-207_H02N23498P12-197758;NA19-207_H02N23498P12-197759;NA19-207_H02N23498P12-197761;NA23-121_H02N23497P12-201018;NA24-002_H02IBC433P-192155;NA24-002_H02IBC433P-192156;NA24-188_H02IBC418P-217031;NA24-188_H02IBC418P-217033
Region: Posterior Hippocampus,29,caa 2_count,Thal phase,0.464066299856349,0.0112173301038905,NA03-222_H02N23499P12-212205;NA04-191_H02N23489P12-212012;NA04-240_H02FBC343P-204410;NA05-200_H02M23471P12-211193;NA06-239_H02N23486P12-216200;NA06-239_H02N23486P12-216201;NA07-144_H02IBC428P-233684;NA09-034_H02N23496P12-211886;NA10-268_H02IBC432P-231077;NA11-426_H02P23TB522P-218113;NA11-496_H02M23487P12-218291;NA11-4_H02P23TB522P-218112;NA12-247-F2_H02M23487P12-218284;NA12-253-F2_H02P23TB520P-213954;NA12-396-F2_H02M23471P12-211567;NA13-210_H02P23TB521P-203319;NA14-071_H02P23TB526P-183894;NA14-161_H02N23498P12-204689;NA14-161_H02N23498P12-204690;NA19-100_H02P23TB519P-177347;NA19-207_H02N23498P12-197757;NA19-207_H02N23498P12-197758;NA19-207_H02N23498P12-197759;NA19-207_H02N23498P12-197761;NA23-121_H02N23497P12-201018;NA24-002_H02IBC433P-192155;NA24-002_H02IBC433P-192156;NA24-188_H02IBC418P-217031;NA24-188_H02IBC418P-217033
Region: Posterior Hippocampus,29,caa 2_density_mm2,Thal phase,0.4203181422448031,0.0231934882309,NA03-222_H02N23499P12-212205;NA04-191_H02N23489P12-212012;NA04-240_H02FBC343P-204410;NA05-200_H02M23471P12-211193;NA06-239_H02N23486P12-216200;NA06-239_H02N23486P12-216201;NA07-144_H02IBC428P-233684;NA09-034_H02N23496P12-211886;NA10-268_H02IBC432P-231077;NA11-426_H02P23TB522P-218113;NA11-496_H02M23487P12-218291;NA11-4_H02P23TB522P-218112;NA12-247-F2_H02M23487P12-218284;NA12-253-F2_H02P23TB520P-213954;NA12-396-F2_H02M23471P12-211567;NA13-210_H02P23TB521P-203319;NA14-071_H02P23TB526P-183894;NA14-161_H02N23498P12-204689;NA14-161_H02N23498P12-204690;NA19-100_H02P23TB519P-177347;NA19-207_H02N23498P12-197757;NA19-207_H02N23498P12-197758;NA19-207_H02N23498P12-197759;NA19-207_H02N23498P12-197761;NA23-121_H02N23497P12-201018;NA24-002_H02IBC433P-192155;NA24-002_H02IBC433P-192156;NA24-188_H02IBC418P-217031;NA24-188_H02IBC418P-217033
Region: Posterior Hippocampus,29,caa 1_count,Thal phase,0.3923833956947863,0.0352587912745104,NA03-222_H02N23499P12-212205;NA04-191_H02N23489P12-212012;NA04-240_H02FBC343P-204410;NA05-200_H02M23471P12-211193;NA06-239_H02N23486P12-216200;NA06-239_H02N23486P12-216201;NA07-144_H02IBC428P-233684;NA09-034_H02N23496P12-211886;NA10-268_H02IBC432P-231077;NA11-426_H02P23TB522P-218113;NA11-496_H02M23487P12-218291;NA11-4_H02P23TB522P-218112;NA12-247-F2_H02M23487P12-218284;NA12-253-F2_H02P23TB520P-213954;NA12-396-F2_H02M23471P12-211567;NA13-210_H02P23TB521P-203319;NA14-071_H02P23TB526P-183894;NA14-161_H02N23498P12-204689;NA14-161_H02N23498P12-204690;NA19-100_H02P23TB519P-177347;NA19-207_H02N23498P12-197757;NA19-207_H02N23498P12-197758;NA19-207_H02N23498P12-197759;NA19-207_H02N23498P12-197761;NA23-121_H02N23497P12-201018;NA24-002_H02IBC433P-192155;NA24-002_H02IBC433P-192156;NA24-188_H02IBC418P-217031;NA24-188_H02IBC418P-217033
Region: Posterior Hippocampus,29,caa 1_density_mm2,Thal phase,0.3885465212290724,0.037252161371269,NA03-222_H02N23499P12-212205;NA04-191_H02N23489P12-212012;NA04-240_H02FBC343P-204410;NA05-200_H02M23471P12-211193;NA06-239_H02N23486P12-216200;NA06-239_H02N23486P12-216201;NA07-144_H02IBC428P-233684;NA09-034_H02N23496P12-211886;NA10-268_H02IBC432P-231077;NA11-426_H02P23TB522P-218113;NA11-496_H02M23487P12-218291;NA11-4_H02P23TB522P-218112;NA12-247-F2_H02M23487P12-218284;NA12-253-F2_H02P23TB520P-213954;NA12-396-F2_H02M23471P12-211567;NA13-210_H02P23TB521P-203319;NA14-071_H02P23TB526P-183894;NA14-161_H02N23498P12-204689;NA14-161_H02N23498P12-204690;NA19-100_H02P23TB519P-177347;NA19-207_H02N23498P12-197757;NA19-207_H02N23498P12-197758;NA19-207_H02N23498P12-197759;NA19-207_H02N23498P12-197761;NA23-121_H02N23497P12-201018;NA24-002_H02IBC433P-192155;NA24-002_H02IBC433P-192156;NA24-188_H02IBC418P-217031;NA24-188_H02IBC418P-217033
Region: Visual cortex,5,cgp_density_mm2,Braak stage,0.9486832980505138,0.013846832988859,NA00-118_H02IBC428P-233028;NA01-161_H02P23TB517P-193925;NA01-161_H02P23TB517P-193926;NA19-100_H02P23TB519P-177345;NA19-100_H02P23TB519P-177348
