image_id,gray_area_mm2,cgp_count,cgp_density_mm2,cgp_mean_score,cgp_mean_area_mm2,ccp_count,ccp_density_mm2,ccp_mean_score,ccp_mean_area_mm2,caa 1_count,caa 1_density_mm2,caa 1_mean_score,caa 1_mean_area_mm2,caa 2_count,caa 2_density_mm2,caa 2_mean_score,caa 2_mean_area_mm2,total_pathology_count,total_pathology_density_mm2
AF-20-36-B-22_H02IBC427P-185953_level-0,205.93375372702997,170,0.8255081885475609,0.83805704,0.0023710920112442,6,0.029135583125208,0.742253,0.0008977376771099,299,1.4519232257395336,0.78279513,0.0002702306113906,1088,5.283252406704389,0.87873805,0.0027896402594396,1563,7.589819404116692
H02N23498P12-197768_H02N23498P12-197768_level-0,186.06534932352423,15,0.080616837334492,0.65214986,0.0114234585194193,0,0.0,0.0,0.0,4,0.0214978232891978,0.71206826,0.0001372183381058,20,0.1074891164459894,0.7323245,0.0293828789110965,39,0.2096037770696794
H02P23TB518P-231971_level-0,125.3507284941697,7,0.0558433132706171,0.6889019,0.0060181704116728,2,0.0159552323630334,0.69249415,0.0017219728651821,8,0.0638209294521339,0.6535061,0.0001971366160675,22,0.1755075559933683,0.7553623,0.016450306936085,39,0.3111270310791529
H02P23TB521P-215519_level-0,166.38761458659303,0,0.0,0.0,0.0,1,0.0060100627230253,0.88187987,0.0004344048909193,45,0.270452822536143,0.7776876,0.000440168406318,17,0.1021710662914317,0.7834332,0.000888921658478,63,0.3786339515506001
NA00-118_H02IBC428P-233028_level-0,158.50417689105154,190,1.1987065812820643,0.76568234,0.0028811209986032,77,0.4857916145195735,0.7580363,0.0007468951682829,11619,73.30406193640161,0.87731326,0.0003406283062536,2425,15.299281366363193,0.8479339,0.0137637812918289,14311,90.28784149856644
NA00-118_H02IBC428P-233029_level-0,136.00805464152413,97,0.713193055041207,0.82753664,0.0018492271643471,9,0.0661725514986686,0.84164244,0.0011333866497851,361,2.654254565668822,0.7616953,0.0002030968273554,255,1.8748889591289464,0.8016443,0.0299196917870709,722,5.308509131337644
NA00-118_H02IBC428P-233030_level-0,129.33796936963824,71,0.5489493947217255,0.8201339,0.0029648302111836,9,0.0695851345421905,0.73410463,0.0009150439496117,186,1.438092780538605,0.8122449,0.0003174649409813,276,2.133944125960511,0.8334196,0.0102420484931471,542,4.190571435763032
NA01-161_H02P23TB517P-193924_level-0,149.58470103704445,541,3.616680023086199,0.8458572,0.0025868573923613,62,0.4144808898915791,0.8495498,0.0016483634528753,78,0.5214437001861802,0.7251525,0.0002405754427757,77,0.5147585245427677,0.7741243,0.0167305102105195,758,5.067363137706726
NA01-161_H02P23TB517P-193925_level-0,124.55969091174056,1,0.0080282793950457,0.9773628,0.0026223298501941,0,0.0,0.0,0.0,4,0.0321131175801831,0.73044777,0.0002081050313198,28,0.2247918230612823,0.84688604,0.0100780940697121,33,0.2649332200365113
NA01-161_H02P23TB517P-193926_level-0,272.8969406279774,215,0.7878432037576246,0.7939071,0.0029032015121282,153,0.560651210115891,0.73898256,0.0011365973916516,944,3.4591813225451054,0.7791636,0.0001769304791522,355,1.300857382948636,0.8274141,0.0089959107100388,1667,6.108533119367257
NA03-222_H02N23499P12-212205_level-0,158.07515593338522,30,0.1897831434855099,0.84704864,0.0033742617288092,4,0.0253044191314013,0.8689699,0.0020871540709258,34,0.2150875626169112,0.7042934,0.0001762517505336,175,1.107068336998808,0.914479,0.0061512653748871,243,1.5372434622326303
NA04-001_H02N23TB509P-187801_level-0,55.27681286904358,3,0.0542723041414726,0.83116263,0.0029238359859998,1,0.0180907680471575,0.56504416,0.0012712379814471,8,0.1447261443772602,0.6767065,0.0001321081375378,14,0.2532707526602055,0.61798304,0.0568003077181787,26,0.4703599692260959
NA04-001_H02N23TB509P-187808_level-0,47.072390888312086,5,0.1062193762764976,0.74501187,0.0028922129219379,0,0.0,0.0,0.0,6,0.1274632515317971,0.60249543,8.678973439291504e-05,14,0.2974142535741934,0.6764654,0.0353974298530496,25,0.5310968813824881
NA04-001_H02N23TB509P-187811_level-0,45.341701363366695,13,0.2867117820705158,0.8155305,0.0044824238526882,15,0.3308212870044413,0.9023756,0.001164405168124,13,0.2867117820705158,0.79625046,0.0002047037982354,14,0.3087665345374785,0.68930304,0.0200477626376723,55,1.2130113856829514
NA04-001_H02N23TB509P-187815_level-0,40.65480794983613,13,0.3197653772228039,0.73656136,0.0019178280409932,44,1.082282815215644,0.8894774,0.0009140091352893,24,0.590336081026715,0.72230864,0.0001925387399031,0,0.0,0.0,0.0,81,1.9923842734651631
NA04-001_H02N23TB509P-187821_level-0,105.56558223120996,322,3.0502365751628684,0.8398621,0.0022241235587815,40,0.3789113757966296,0.85091954,0.0013273061241992,50,0.473639219745787,0.7449212,0.0002030708965116,67,0.6346765544593546,0.81305,0.0244034426132234,479,4.537463725164639
NA04-001_H02N23TB509P-187826_level-0,144.14831386411478,265,1.838384320262041,0.8519181,0.0028662872291358,36,0.2497427755827678,0.78607005,0.0012294760159745,47,0.3260530681219469,0.7800955,0.0002170518358406,29,0.2011816803305629,0.6736201,0.0494499707782987,377,2.6153618442973188
NA04-001_H02N23TB509P-187830_level-0,180.7697337643368,1222,6.759981190175779,0.873407,0.0021248975165519,133,0.7357426336279694,0.847752,0.0011021901861521,207,1.1451031966991705,0.7291322,0.0001908752635876,91,0.5034028545875581,0.7984199,0.0304271143441478,1653,9.144229875090478
NA04-001_H02N23TB509P-187839_level-0,168.33983328003535,865,5.138415448951182,0.85682124,0.001821576338746,127,0.7544263144702892,0.86401165,0.0012657106728172,86,0.510871362554684,0.71524054,0.0002166029337154,132,0.7841281378746313,0.8689954,0.0148554188537614,1210,7.187841263850786
NA04-191_H02IBC428P-232904_level-0,149.86488030864265,52,0.3469792248384506,0.8413058,0.0031177470314263,13,0.0867448062096126,0.7810946,0.0011221298148685,4,0.0266907096029577,0.714988,0.0003616511769481,10,0.0667267740073943,0.86757916,0.001004053980803,79,0.5271415146584154
NA04-191_H02N23489P12-212012_level-0,83.85850846177782,46,0.5485430261494159,0.8431551,0.0026625954362261,7,0.0834739387618676,0.89274377,0.0013652114376061,12,0.1430981807346302,0.7295099,0.0002528527705403,24,0.2861963614692605,0.88400984,0.0020966730515158,89,1.0613115071151742
NA04-191_H02N23TB509P-187802_level-0,154.51199167549598,310,2.006316769581599,0.84087783,0.0025278997458264,96,0.6213109996123661,0.8826337,0.0013447725474657,90,0.5824790621365933,0.7489786,0.0001971795219558,65,0.4206793226542062,0.81821895,0.0092567085818702,561,3.630786153984765
NA04-240_H02FBC343P-204410_level-0,161.2539119573819,833,5.165766150344031,0.8232066,0.002289615075551,51,0.3162713969598386,0.8051626,0.0009466167519326,100,0.6201399940388993,0.7297781,0.0002344458322505,32,0.1984447980924477,0.78128463,0.0140229782803824,1016,6.300622339435217
NA05-111_H02P23TB515P-192965_level-0,156.2988307177515,330,2.111340171161757,0.8499727,0.0027758189050405,18,0.1151640093360958,0.82456076,0.0010724429620659,49,0.3135020254149276,0.769668,0.0002757822314062,79,0.5054420409750874,0.8983598,0.0047907056457992,476,3.045448246887868
NA05-200_H02M23471P12-211193_level-0,136.88610124318592,3,0.0219160307200972,0.6954842,0.0029218295747622,2,0.0146106871467314,0.7523896,0.0003317368950102,25,0.1826335893341434,0.75453013,0.0002179456987589,11,0.0803587793070231,0.7086238,0.0003877308548666,41,0.2995190865079952
NA06-239_H02N23486P12-216197_level-0,107.08787066306188,94,0.8777838182604155,0.8340624,0.0023900405315,0,0.0,0.0,0.0,3,0.0280143771785238,0.7359037,0.0002801025363255,2,0.0186762514523492,0.9973273,0.0024572022365567,99,0.9244744468912888
NA06-239_H02N23486P12-216198_level-0,0.9083377886317332,0,0.0,0.0,0.0,0,0.0,0.0,0.0,0,0.0,0.0,0.0,3,3.3027360939359616,0.8891554,0.0021033216496374,3,3.3027360939359616
NA06-239_H02N23486P12-216200_level-0,157.17625217296552,728,4.631742963300004,0.8288376,0.0025980718482013,43,0.2735782244806321,0.8486822,0.0015833634709578,40,0.2544913716098903,0.72932804,0.0002808981976358,42,0.2672159401903848,0.8193731,0.013372241705252,853,5.427028499580911
NA06-239_H02N23486P12-216201_level-0,83.71745269055941,25,0.2986235151277982,0.8483083,0.0030321918705576,2,0.0238898812102238,0.7261698,0.0016004866471174,12,0.1433392872613431,0.75180334,0.0002682139175686,24,0.2866785745226863,0.91290766,0.0053614548746592,63,0.7525312581220515
NA07-121_H02P23TB518P-231970_level-0,101.03230434934876,4,0.0395912973158449,0.805959,0.0125316868264603,1,0.0098978243289612,0.6991925,0.019432094397246,6,0.0593869459737674,0.733615,0.0001452900985938,7,0.0692847703027286,0.68364805,0.0224204177578425,18,0.1781608379213022
NA07-121_H02P23TB518P-231972_level-0,234.71930389323737,607,2.586067655841785,0.83087665,0.0021683890634559,54,0.2300620319859249,0.86861455,0.0012979759789078,133,0.5666342639653336,0.7242638,0.0001669706351937,46,0.1959787679880101,0.75480884,0.010587106895786,840,3.578742719781054
NA07-121_H02P23TB518P-231973_level-0,246.4952443616603,483,1.9594698520484943,0.8379105,0.002606263887611,45,0.1825593029858845,0.8626819,0.0011342418798435,141,0.5720191493557717,0.74296963,0.0001513179076309,50,0.2028436699843162,0.8025189,0.0103644299009152,719,2.916891974374467
NA07-121_H02P23TB518P-231978_level-0,217.68741624931369,587,2.696527020779736,0.8182425,0.0022021181256832,53,0.2434683681453594,0.87563497,0.0014701022277914,103,0.4731555079051325,0.73582894,0.0001849182717046,24,0.110249827084691,0.7458927,0.0027583718372271,767,3.5234007239149188
NA07-144_H02IBC428P-233684_level-0,151.79953807005174,0,0.0,0.0,0.0,3,0.019762905988657,0.57648927,0.0002942089544031,293,1.930177151558839,0.72344816,0.0002581424285472,174,1.1462485473421091,0.75141084,0.0012001252664911,470,3.096188604889605
NA07-278_H02P23TB518P-231968_level-0,146.74602468064282,199,1.3560844352211603,0.8068171,0.0024082963138476,11,0.0749594411428782,0.7994508,0.001074278139981,40,0.2725797859741026,0.71029013,0.0001799667097566,8,0.0545159571948205,0.74220455,0.0074990904646092,258,1.758139619532962
NA08-013_H02P23TB516P-191509_level-0,118.15245130540067,6,0.05078184949791,0.7116823,0.0053170834351035,0,0.0,0.0,0.0,15,0.126954623744775,0.7082465,0.0002345425704926,11,0.093100057412835,0.7679092,0.0228979729777596,32,0.2708365306555201
NA08-089_H02IBC428P-232905_level-0,15.652359928147789,1,0.0638881296232966,0.8471921,0.0014215692097382,0,0.0,0.0,0.0,3,0.1916643888698899,0.5760169,0.000161023330793,0,0.0,0.0,0.0,4,0.2555525184931865
NA08-089_H02IBC428P-232907_level-0,151.28873659071607,1,0.0066098773942789,0.7788781,0.0038107693399544,0,0.0,0.0,0.0,6,0.0396592643656738,0.7187104,0.0001807689074346,69,0.456081540205249,0.9014994,0.007724851220209,76,0.5023506819652018
NA08-089_H02IBC428P-232911_level-0,201.9353170469965,5,0.0247604038417725,0.70604414,0.0032703014052014,1,0.0049520807683545,0.5751183,0.0004660305305052,13,0.0643770499886084,0.705671,0.0002268182618495,45,0.2228436345759525,0.82540447,0.0072469963029543,64,0.316933169174688
NA09-034_H02N23496P12-211886_level-0,132.64976792402263,53,0.3995483808939389,0.8288588,0.0028447976812982,33,0.2487754069716977,0.8527223,0.0009601963973071,19,0.143234325226129,0.736923,0.0001981836641288,7,0.0527705408727843,0.8260255,0.0183430279887215,112,0.84432865396455
NA09-404_H02P23TB518P-229562_level-0,17.78337050565665,0,0.0,0.0,0.0,0,0.0,0.0,0.0,0,0.0,0.0,0.0,12,0.6747877178953766,0.59218013,0.0629242332034525,12,0.6747877178953766
NA09-404_H02P23TB518P-229563_level-0,127.17621295319742,2,0.0157262113217353,0.61850893,0.0024586231453396,0,0.0,0.0,0.0,19,0.1493990075564858,0.762681,0.0001596866631074,14,0.1100834792521475,0.74788576,0.0026938566781899,35,0.2752086981303687
NA09-404_H02P23TB518P-229564_level-0,185.39934103065207,5,0.0269688121446631,0.6420305,0.0041611345707602,1,0.0053937624289326,0.65252066,0.0011298788641513,23,0.1240565358654505,0.73630846,0.0001476299036079,30,0.161812872867979,0.75352657,0.0143461356757142,59,0.3182319833070254
NA09-404_H02P23TB518P-229565_level-0,11.213592822892648,0,0.0,0.0,0.0,0,0.0,0.0,0.0,0,0.0,0.0,0.0,0,0.0,0.0,0.0,0,0.0
NA09-404_H02P23TB518P-229566_level-0,167.68695306256672,0,0.0,0.0,0.0,0,0.0,0.0,0.0,19,0.1133063703108183,0.7357631,0.0001328582979242,13,0.0775254112652967,0.67526436,0.0066342357510713,32,0.1908317815761151
NA09-404_H02P23TB518P-229567_level-0,193.2519760557664,7,0.0362221393171163,0.71940935,0.0048224632614782,1,0.0051745913310166,0.51711434,0.0002642888190015,42,0.217332835902698,0.739481,0.0001706246013258,13,0.067269687303216,0.77103794,0.014004616823505,63,0.325999253854047
NA09-404_H02P23TB518P-229568_level-0,148.7272274366643,3,0.0201711552867988,0.72273403,0.0030076491560942,0,0.0,0.0,0.0,10,0.0672371842893293,0.66583365,0.0001850470088812,9,0.0605134658603964,0.8063504,0.0153490216173628,22,0.1479218054365246
NA09-404_H02P23TB518P-229569_level-0,125.11527560933574,6,0.0479557749505712,0.79655117,0.002698364001272,0,0.0,0.0,0.0,5,0.0399631457921427,0.73906815,0.0001746042541738,7,0.0559484041089997,0.7843915,0.0075101024686539,18,0.1438673248517137
NA10-204_H02FBC343P-203982_level-0,143.5048108433629,583,4.062581571821665,0.88483745,0.0027216586011987,22,0.1533049649744024,0.84421,0.0010736987251285,48,0.3344835599441508,0.73629063,0.0003126529451177,121,0.8431773073592136,0.90906745,0.00457466007889,774,5.393547404099433
NA10-204_H02IBC428P-233010_level-0,179.01739143969994,1521,8.49638120502014,0.848534,0.0024122462311004,49,0.2737164227784266,0.83414197,0.0010995586249995,240,1.3406518666698448,0.7535604,0.0002166460347192,312,1.742847426670798,0.7703385,0.0374170077936943,2122,11.85359692113921
NA10-204_H02IBC428P-233023_level-0,166.18177091078596,957,5.75875437332872,0.87681365,0.0030814599275496,27,0.1624726939183651,0.82844365,0.0010100146798796,71,0.4272430099334786,0.7356574,0.000366953322344,192,1.155361378975041,0.8576682,0.007496702251451,1247,7.503831456155604
NA10-268_H02IBC432P-231068_level-0,239.2632092647109,1,0.0041794975628436,0.6728707,0.0026970031880489,1,0.0041794975628436,0.5934023,0.000198607201245,11,0.0459744731912797,0.6948758,0.0001155798098631,6,0.0250769853770616,0.70800304,0.0204661625981226,19,0.0794104536940286
NA10-268_H02IBC432P-231072_level-0,209.5265271939461,0,0.0,0.0,0.0,0,0.0,0.0,0.0,45,0.2147699415565944,0.7477918,0.0001575320616824,9,0.0429539883113188,0.7055619,0.0012247324471006,54,0.2577239298679133
NA10-268_H02IBC432P-231077_level-0,135.72912566282147,1,0.007367615426067,0.56385344,0.0017632329156606,0,0.0,0.0,0.0,39,0.2873370016166159,0.76689845,0.0001308934365225,9,0.0663085388346036,0.7957,0.0046090909323825,49,0.3610131558772866
NA10-268_H02IBC432P-231081_level-0,161.74345845749286,0,0.0,0.0,0.0,0,0.0,0.0,0.0,35,0.2163920589666271,0.7621763,0.0001863912177792,4,0.0247305210247573,0.7468218,0.0003756889534089,39,0.2411225799913845
NA10-417_H02IBC418P-227822_level-0,206.89250105195123,218,1.0536872960188135,0.8346075,0.0031770602563648,6,0.0290005677803343,0.83890134,0.0011899851163414,81,0.3915076650345132,0.82542336,0.000330010396403,362,1.749700922746837,0.8943601,0.0067933057322745,667,3.2238964515804978
NA10-417_H02IBC418P-227826_level-0,184.60585969392707,206,1.1158909058550146,0.8146814,0.0040559832624205,41,0.2220947919420174,0.8225701,0.0008477422297051,677,3.667272540115752,0.8369677,0.0003800345648026,909,4.924004045738875,0.87874454,0.0079317941048611,1833,9.929262283651658
NA10-417_H02IBC418P-227827_level-0,232.5673793254753,248,1.0663576324387565,0.805872,0.0025814687717961,12,0.051597949956714,0.8946776,0.0016824112557084,303,1.3028482364070288,0.774307,0.0001929353510867,517,2.223011677301762,0.82265186,0.0211751928028746,1080,4.643815496104261
NA10-417_H02IBC418P-227828_level-0,212.84883957495236,150,0.7047254770077296,0.78811055,0.0078398694390164,7,0.0328871889270273,0.7985254,0.0010933876695096,1107,5.200874020317045,0.80102426,0.0002220176607283,1049,4.928380169207389,0.84831995,0.0163565828374764,2313,10.866866855459191
NA11-048_H02P23TB518P-231969_level-0,132.1568683656917,65,0.491839741693472,0.7704809,0.0021929517577418,1,0.0075667652568226,0.9543785,0.0012633816967108,12,0.0908011830818717,0.75352436,0.0001855408851187,28,0.2118694271910341,0.8067294,0.0184368582301371,106,0.8020771172232006
NA11-048_H02P23TB522P-218107_level-0,167.92041684506682,320,1.9056646357378368,0.83017385,0.0024375386571847,7,0.0416864139067651,0.7018467,0.0009960142094936,39,0.2322528774805488,0.7312408,0.0001948486142065,30,0.1786560596004222,0.82603514,0.0216202932986184,396,2.358259986725573
NA11-048_H02P23TB522P-218108_level-0,139.2739901792392,34,0.2441231126949372,0.8564712,0.003344721561243,1,0.007180091549851,0.7016414,0.0008316989005147,3,0.0215402746495532,0.69227934,8.265394040273315e-05,30,0.2154027464955329,0.8739259,0.010509173100647,68,0.4882462253898745
NA11-386_H02M23471P12-211568_level-0,127.09761499526223,224,1.7624248889985066,0.8372784,0.0026363057360328,48,0.3776624762139657,0.90709573,0.0013200815452571,32,0.2517749841426438,0.713853,0.0002182792486277,50,0.3933984127228809,0.70957243,0.0467098080518025,354,2.785260762077997
NA11-386_H02M23471P12-211569_level-0,148.87595545974187,288,1.934496400782994,0.8703256,0.003202051892465,34,0.228378047314659,0.8776344,0.0013934129570648,31,0.2082270431398361,0.71673304,0.0002086012879657,82,0.5507941141118248,0.723159,0.0399014013199346,435,2.921895605349314
NA11-386_H02M23471P12-211570_level-0,195.05881978435104,127,0.6510856578564658,0.8204882,0.0023208469721505,71,0.3639927693528273,0.8803447,0.0013950595754051,17,0.0871531982957473,0.6549445,0.0001843224281309,31,0.158926420421657,0.7694259,0.018418705312657,246,1.2611580459266976
NA11-396_H02P23TB518P-229098_level-0,204.93209862319245,542,2.6447784590181382,0.85073936,0.0021958694361963,81,0.395252869336659,0.804375,0.0010625310189514,1062,5.182204286858418,0.79522216,0.0002636713566355,915,4.464893523988185,0.8764307,0.0091152114789252,2600,12.6871291392014
NA11-426_H02IBC429P-241368_level-0,232.8392043672713,328,1.4086974781215358,0.8576571,0.0030591696258883,5,0.0214740469225843,0.73261505,0.0008539401111278,83,0.3564691789149008,0.76130676,0.0002517164766703,40,0.1717923753806751,0.8081706,0.0167821692903321,456,1.958433079339696
NA11-426_H02IBC429P-241369_level-0,270.1914204649541,213,0.788329990765298,0.8304962,0.0029161893333074,39,0.1443421109851954,0.8897359,0.0010747050525946,92,0.3404993387343071,0.7601125,0.0002085188907095,15,0.0555161965327674,0.69568086,0.009721221348281,359,1.328687637017568
NA11-426_H02P23TB522P-218102_level-0,258.1974743807399,605,2.3431677689761696,0.85794646,0.0023613571549158,98,0.3795544485283713,0.8288447,0.0011626222031044,92,0.3563164210674506,0.7369076,0.0002125334497122,95,0.3679354347979109,0.86927617,0.0053062662343281,890,3.4469740733699026
NA11-426_H02P23TB522P-218113_level-0,155.50853194476065,494,3.176674577414681,0.86927295,0.002887322860381,19,0.1221797914390262,0.76062655,0.0010073624364889,37,0.2379290675391563,0.7639391,0.0002045619297887,37,0.2379290675391563,0.82189196,0.0036522353799267,587,3.77471250393202
NA11-496_H02M23487P12-218286_level-0,153.51408745034522,116,0.7556309777597492,0.8227267,0.0024945637241699,13,0.0846827819903167,0.9200733,0.0023595019971782,105,0.683976316075635,0.6793529,0.0001337208057891,56,0.364787368573672,0.6939701,0.0278622545802665,290,1.889077444399373
NA11-496_H02M23487P12-218288_level-0,161.3042646621762,54,0.3347710620862606,0.83515847,0.0026665942103887,54,0.3347710620862606,0.8767316,0.0015654898027155,99,0.6137469471581445,0.74898213,0.0001226919242575,38,0.2355796362829241,0.7182277,0.0052918276907246,245,1.5188687076135898
NA11-496_H02M23487P12-218289_level-0,18.51348472517438,1,0.0540146825324685,0.7611139,0.0007380725937717,5,0.2700734126623428,0.6691972,0.0003624649644841,5,0.2700734126623428,0.6684013,0.0001863000988621,9,0.486132142792217,0.75662094,0.0092054484741381,20,1.0802936506493712
NA11-496_H02M23487P12-218291_level-0,125.12118608484208,178,1.4226207852545605,0.8240806,0.0021487971304787,127,1.0150159535243213,0.9332337,0.0016267377924969,70,0.5594576121787598,0.77105063,0.0001758691486397,47,0.3756358253200244,0.7657368,0.0189031822923315,422,3.3727301762776656
NA11-496_H02M23487P12-218292_level-0,161.857746594447,204,1.260365996019611,0.83255845,0.0022196693071029,121,0.7475700270508477,0.92648685,0.0016527886713744,52,0.3212697636912734,0.74593055,0.0001770714695794,5,0.0308913234318532,0.8572216,0.0028695174045016,382,2.360097110193585
NA11-4_H02P23TB522P-218112_level-0,151.5740875283823,375,2.4740376545547806,0.87834895,0.0023400221385178,30,0.1979230123643824,0.77345926,0.0010276786380318,67,0.4420280609471208,0.7071548,0.0001747327572119,25,0.1649358436369853,0.8283856,0.0077854094378371,497,3.278924571503269
NA12-016_H02N23484P12-217918_level-0,82.22829702044007,430,5.229343371821404,0.87866664,0.0025381779596714,28,0.3405153823511612,0.81000555,0.0010611450748578,11,0.1337739002093847,0.6306333,0.0002771944575514,8,0.0972901092431889,0.83579385,0.008848123709223,477,5.800922763625139
NA12-210_H02P23TB520P-213959_level-0,129.7668198328188,300,2.3118390385654517,0.877234,0.002810321873205,76,0.5856658897699144,0.871945,0.0012225774359331,191,1.4718708545533374,0.8460968,0.0003426925497118,997,7.683011738165851,0.92646766,0.0046753814859597,1564,12.052387521054554
NA12-210_H02P23TB520P-213964_level-0,201.35455599700416,274,1.3607837113160564,0.8533727,0.0025065647294284,40,0.1986545563965045,0.85541975,0.0015589805950743,93,0.4618718436218731,0.7979195,0.0002900316496,284,1.4104473504151824,0.8939324,0.0064687778459932,691,3.4317574617496165
NA12-210_H02P23TB520P-213965_level-0,199.0588477462516,473,2.3761817440184947,0.8535745,0.0024006591827893,77,0.3868202839099874,0.8552041,0.001255574190838,275,1.381501013964241,0.8436661,0.00036266300667,537,2.6976947072683544,0.9057974,0.0045578149032294,1362,6.842197749161078
NA12-247-F2_H02M23487P12-218284_level-0,151.71781437987764,105,0.6920742987840337,0.8020296,0.002301656664824,34,0.224100249130068,0.8854399,0.0013932623279342,28,0.184553146342409,0.72571653,0.0001931911864701,55,0.3625151088868747,0.8009762,0.0137576812022718,222,1.4632428031433855
NA12-253-F2_H02P23TB520P-213954_level-0,158.8767073424362,112,0.7049491512849639,0.82200295,0.0020216413255949,18,0.1132953993136549,0.9033225,0.0013784947416289,39,0.2454733651795856,0.7211779,0.0002030088693087,17,0.1070012104628963,0.7819938,0.0063839597532639,186,1.170719126241101
NA12-396-F2_H02M23471P12-211567_level-0,138.62122362476106,607,4.37883885402073,0.8263393,0.0023524815870473,30,0.2164170768049784,0.84933907,0.0013738828366634,48,0.3462673228879654,0.7198165,0.0002174269453011,19,0.137064148643153,0.8507328,0.0090141735165427,704,5.078587402356827
NA12-420_H02N23487P12-218761_level-0,246.92989163735672,463,1.875026133652404,0.8044213,0.0024895728269463,122,0.4940673613511733,0.76934713,0.0007221408706211,2917,11.813069615257152,0.8320227,0.0002848948450399,2103,8.516587384602603,0.85567576,0.0036043478037956,5605,22.698750494863333
NA12-420_H02N23500P12-218639_level-0,237.80286716268492,2689,11.307685361759788,0.8692265,0.0024992396270043,228,0.9587773382228456,0.77935696,0.0007098282269593,2692,11.320300853052194,0.8410495,0.0003463927582064,2783,11.702970755588506,0.8716486,0.0023942316114541,8392,35.28973430862333
NA12-420_H02N23500P12-218640_level-0,233.6181368412116,299,1.27986638384685,0.76360005,0.0027678600676216,60,0.2568293746849866,0.75535005,0.0008779926175243,2567,10.988016746939344,0.84068364,0.0002881951839229,1742,7.456612845020778,0.87907064,0.0030938336813716,4668,19.98132535049196
NA13-021_H02IBC430P-233664_level-0,90.04626483344988,5,0.055527011689469,0.6756755,0.0129104318342037,0,0.0,0.0,0.0,1,0.0111054023378938,0.5058868,0.0001250177687608,49,0.5441647145567969,0.82167363,0.0163106916826717,55,0.6107971285841599
NA13-021_H02IBC430P-233665_level-0,170.23720958055836,266,1.5625256115004955,0.8185538,0.0028130647282125,13,0.076364033644761,0.83447707,0.0013810938355699,26,0.1527280672895221,0.6549234,0.0002288203610356,10,0.0587415643421239,0.7990959,0.0181892870008007,315,1.8503592767769028
NA13-021_H02IBC430P-233667_level-0,142.16574715220725,190,1.3364681986060951,0.8181809,0.0031142661717251,2,0.0140680863011167,0.7821413,0.0013770148299327,6,0.0422042589033503,0.6894043,0.0003851259464851,11,0.0773744746561423,0.70331764,0.0418197889520503,209,1.4701150184667044
NA13-021_H02IBC430P-233668_level-0,149.1505652448053,237,1.5889983360841091,0.87634546,0.00258289436335,12,0.0804556119536257,0.8269007,0.0012224168168913,9,0.0603417089652193,0.6941411,0.0003292306760253,22,0.1475019552483139,0.8171888,0.007370569007639,280,1.8772976122512683
NA13-021_H02N23487P12-236344_level-0,190.853516461596,255,1.3361032310416543,0.8451165,0.0043143794971505,8,0.0419169641111107,0.907336,0.0010049630627267,16,0.0838339282222214,0.74574274,0.0002625261655007,11,0.0576358256527772,0.781529,0.0107155159662546,290,1.5194899490277638
NA13-057_H02IBC428P-221255_level-0,168.63620952778075,64,0.3795151716183278,0.82115155,0.0035651330315532,27,0.160107963026482,0.81760204,0.0006949009581663,27,0.160107963026482,0.7504708,0.0002357634078889,16,0.0948787929045819,0.73110807,0.0114154016559962,134,0.7946098905758738
NA13-057_H02IBC428P-221256_level-0,172.8544704314535,115,0.6652995419381066,0.77096945,0.0033753946471819,35,0.2024824692855107,0.8357991,0.001089417694388,383,2.2157367353243025,0.76939315,0.0001719225678611,178,1.0297679866520255,0.72464854,0.0540473878750162,711,4.113286733199946
NA13-202_H02N23500P12-235956_level-0,112.13291615967806,1,0.0089179879936056,0.7572803,0.0020700518111429,1,0.0089179879936056,0.7893893,0.0037306249647665,49,0.4369814116866777,0.7266259,0.0002515308438273,32,0.2853756157953814,0.76479053,0.0003424810055364,83,0.7401930034692705
NA13-210_H02P23TB521P-203319_level-0,140.78889051670822,0,0.0,0.0,0.0,3,0.021308499477407,0.65835303,0.0002128173231864,350,2.485991605697493,0.7578551,0.0003027290219142,276,1.960381951921452,0.80406064,0.000538445485025,629,4.467682057096352
NA13-355_H02P23TB525P-183483_level-0,189.4218742646729,1,0.0052792213353497,0.6878125,0.0027067583363846,4,0.021116885341399,0.74257886,0.0004599824197051,307,1.620720949952375,0.75769687,0.0002888851316802,203,1.0716819310760004,0.7867564,0.0007340553226641,515,2.718798987705124
NA14-071_H02P23TB526P-183894_level-0,140.5865135621116,1,0.0071130578222796,0.9242543,0.0023594788955084,0,0.0,0.0,0.0,698,4.964914359951186,0.7806086,0.0003136360148216,186,1.3230287549440125,0.7740086,0.0007964720540156,885,6.295056172717477
NA14-161_H02N23498P12-204689_level-0,202.9546467458577,636,3.133705042961677,0.8161439,0.0029080566089957,69,0.3399774339062197,0.8439403,0.0015541440731981,2077,10.233813481495917,0.7869781,0.0002155162772168,1382,6.809403096498487,0.84046984,0.0160835585630139,4164,20.5168990548623
NA14-161_H02N23498P12-204690_level-0,160.91894712435956,234,1.454148216736484,0.8810987,0.0037214027157591,26,0.1615720240818315,0.752511,0.001070425234132,30,0.1864292585559595,0.72272414,0.0002945118906571,137,0.8513602807388816,0.86314213,0.007786322890347,427,2.6535097801131564
NA16-035_H02N23TB510P-171019_level-0,176.00458338184256,1578,8.965675607302359,0.8969677,0.0027185648505584,30,0.1704501066027064,0.80642897,0.0009365192930443,210,1.193150746218945,0.78187937,0.0003240085474771,254,1.4431442359029143,0.8710505,0.0046823709898027,2072,11.772420696026924
NA16-125_H02IBC423P-190348_level-0,211.74193254190592,171,0.8075868485150306,0.84558606,0.0038590112457501,47,0.2219683150889265,0.8443276,0.0014119365939078,104,0.4911639312606033,0.69672394,0.0001779692543183,151,0.7131322463495299,0.70810825,0.0541588802795218,473,2.2338513412140903
NA16-323_H02N23TB509P-170917_level-0,195.9385144993752,868,4.429961114167618,0.89209634,0.0030746511786632,18,0.0918655530587754,0.78082156,0.0014098739894194,255,1.3014286683326528,0.7705962,0.0003189695542941,501,2.5569245601359176,0.8694354,0.0052283368097752,1642,8.380179895694964
NA17-378_H02N23496P12-193660_level-0,197.815658787588,4,0.0202208461378436,0.71516144,0.0110285048806728,2,0.0101104230689218,0.60553604,0.0005741670272464,10,0.0505521153446091,0.73588866,0.00018388355494,23,0.1162698652926011,0.80783606,0.011091265249362,39,0.1971532498439757
NA17-378_H02N23496P12-193661_level-0,184.69389168007427,314,1.7001103671793816,0.84950656,0.0024767456248089,363,1.965414214286992,0.80304205,0.0008110587292719,1136,6.150717761515215,0.7824473,0.0001977513273056,992,5.371049312872441,0.8034816,0.0038785533852634,2805,15.187291655854027
NA18-181_H02N23498P12-204695_level-0,173.1786372803777,1524,8.800161636175892,0.85788596,0.0024018632792797,5,0.0288719213785298,0.5993037,0.0004039252814646,248,1.4320473003750795,0.7477851,0.0001703030120343,500,2.887192137852983,0.8785907,0.0116691691277854,2277,13.148272995782484
NA18-181_H02N23498P12-204696_level-0,147.36298739311147,2080,14.114806144987464,0.8771604,0.003407784749117,17,0.1153613963773013,0.78537446,0.0005713517844054,523,3.5490594297252134,0.7898128,0.0003159565619403,651,4.4176628848013655,0.8116769,0.0271108534156865,3271,22.196889855891342
NA18-314_H02N23484P12-195176_level-0,144.22497955121133,298,2.0662162749288955,0.82265496,0.0029709399784672,9,0.0624025049475169,0.8306701,0.0013316611011348,44,0.3050789130767496,0.7425806,0.0001780032434304,21,0.1456058448775396,0.8103754,0.0045535866732928,372,2.5793035378307017
NA18-381_H02IBC430P-240101_level-0,183.521912584963,0,0.0,0.0,0.0,0,0.0,0.0,0.0,7,0.0381425841819259,0.7353987,0.0002472897557823,29,0.1580192773251216,0.8126615,0.0096732254440499,36,0.1961618615070475
NA18-381_H02IBC430P-240102_level-0,185.06721777239247,681,3.679744085403269,0.81929076,0.0024783973941972,24,0.1296826109393222,0.84164304,0.0017205469614435,154,0.8321300868606513,0.7063223,0.0002656081897021,54,0.2917858746134751,0.7424562,0.006711182418105,913,4.933342657816718
NA18-381_H02N23498P12-197732_level-0,177.90764283189085,0,0.0,0.0,0.0,0,0.0,0.0,0.0,2,0.0112417879758535,0.89060706,0.0001587568599224,29,0.1630059256498766,0.7936781,0.008083302971987,31,0.1742477136257301
NA18-381_H02N23498P12-197733_level-0,182.6341477976129,502,2.7486645079993157,0.8092842,0.0025310859031457,24,0.131410255362517,0.8616354,0.0019730243298502,188,1.0293803336730505,0.7012825,0.0002345118593202,58,0.3175747837927495,0.76307464,0.0069832326762206,772,4.227029880827632
NA18-381_H02N23498P12-197734_level-0,206.44546451028964,483,2.339600926306261,0.8029734,0.0022334658428162,70,0.3390725980154002,0.89152825,0.0018311462054464,81,0.3923554348463916,0.7257741,0.0002255180905095,34,0.1646924047503372,0.8121563,0.0053489712318135,668,3.23572136391839
NA19-041_H02IBC433P-188017_level-0,209.6451913560348,61,0.2909677994779539,0.76939195,0.0058517584700703,85,0.4054469336987882,0.7645035,0.0005549020687472,558,2.661639870634398,0.79504603,0.0001725240502715,692,3.300815036700723,0.79345113,0.00449593957824,1396,6.658869640511863
NA19-100_H02P23TB519P-177345_level-0,235.90168315198,563,2.3865874650724157,0.8513007,0.0023964543667072,38,0.1610840562571079,0.7710233,0.0004959994057472,1521,6.447601304396348,0.82088137,0.0002714046015664,2245,9.516676481505458,0.89642847,0.0026445914308605,4367,18.51194930723133
NA19-100_H02P23TB519P-177347_level-0,197.686139809906,116,0.5867887354750567,0.8034567,0.0036883233099478,13,0.0657608065618598,0.8113139,0.0010621019210447,450,2.2763356117566853,0.8035021,0.0002178543652149,582,2.9440607245386463,0.8941378,0.0027774272807518,1161,5.872945878332248
NA19-100_H02P23TB519P-177348_level-0,190.00405610204655,1211,6.373548148622686,0.80841553,0.0038802597869788,202,1.0631351990270708,0.7708889,0.0008119977028832,3619,19.04696180831173,0.83958405,0.0003613326314577,2677,14.089172909878556,0.8831079,0.0039041441038539,7709,40.57281806584004
NA19-100_H02P23TB519P-177357_level-0,240.5901678473776,87,0.3616107872504162,0.8049927,0.0044837868512043,35,0.1454756040662594,0.7765825,0.000607820150539,882,3.665985222469737,0.83595,0.0002758634189466,1095,4.551308184358687,0.8881253,0.0022652446870566,2099,8.7243797981451
NA19-100_H02P23TB519P-177358_level-0,174.16898291665976,354,2.032508854744761,0.85900396,0.0037739459027174,39,0.2239204670481516,0.8047314,0.0007840169760723,787,4.518600194022958,0.8351149,0.0003650897356188,819,4.702329808011185,0.8926312,0.0036120434694901,1999,11.477359323827056
NA19-207_H02N23498P12-197754_level-0,181.6619314083166,46,0.2532176094539424,0.6583424,0.0172963487736307,3,0.0165141919209092,0.7855985,0.0006744647215961,31,0.170646649849396,0.6938358,0.0001910194343966,180,0.9908515152545576,0.7255154,0.0400245394634799,260,1.4312299664788053
NA19-207_H02N23498P12-197757_level-0,193.5047057151573,31,0.1602028223832065,0.7440938,0.013276937951927,0,0.0,0.0,0.0,188,0.971552600259446,0.7732869,0.0001830849668979,164,0.8475246087369637,0.72853106,0.0411550028154856,383,1.9792800313796164
NA19-207_H02N23498P12-197758_level-0,162.66651560339517,1,0.0061475466926343,0.9728767,0.0034043432246914,0,0.0,0.0,0.0,0,0.0,0.0,0.0,2,0.0122950933852686,0.72078395,0.000475407232906,3,0.0184426400779029
NA19-207_H02N23498P12-197759_level-0,169.17747268857212,3,0.0177328574089914,0.8372846,0.0035382851450688,0,0.0,0.0,0.0,4,0.0236438098786553,0.73978764,0.0001359410733201,2,0.0118219049393276,0.7579608,0.0416085897408362,9,0.0531985722269744
NA19-207_H02N23498P12-197761_level-0,168.85228287273335,0,0.0,0.0,0.0,1,0.0059223362751554,0.53022933,0.0008064753111627,2,0.0118446725503109,0.7177509,8.458260788766357e-05,7,0.0414563539260882,0.82968086,0.0034273896377604,10,0.0592233627515546
NA19-220_H02IBC430P-240103_level-0,113.83518993699684,1,0.0087846297841068,0.6528826,0.0016418216219302,3,0.0263538893523204,0.9081413,0.0004433487101737,187,1.642725769627976,0.8002972,0.0002867479345537,292,2.5651118969591926,0.8661093,0.0023528376337279,483,4.242976185723596
NA19-220_H02N23487P12-212562_level-0,230.64261024424027,121,0.5246211871772799,0.8318301,0.0024318965426215,25,0.108392807268033,0.77585846,0.0007012241037105,1465,6.351818505906737,0.8098658,0.0003034854845298,3275,14.199457752112329,0.89898497,0.0026001205604693,4886,21.18429025246438
NA19-220_H02N23487P12-212563_level-0,247.4608682975073,181,0.7314287759727515,0.7701312,0.0024358806441019,783,3.164136638600356,0.84788007,0.0006676695527454,4724,19.089886948592696,0.8436985,0.0003824660545686,2978,12.034225938380407,0.8936741,0.0032412441874071,8666,35.019678301546215
NA19-295_H02N23496P12-193665_level-0,250.31693509145637,34,0.1358278056080292,0.7567044,0.0067422591588953,11,0.0439442900496565,0.7151607,0.0008386308843219,192,0.7670276081394591,0.745955,0.0001323956986941,207,0.8269516400253544,0.8280625,0.0162126556886198,444,1.7737513438224992
NA19-295_H02N23496P12-193666_level-0,207.2626445805353,7,0.0337735727254027,0.6874887,0.0036911829220432,1,0.0048247961036289,0.61182535,0.000385865395033,66,0.3184365428395111,0.7706654,0.0001366483278182,263,1.2689213752544155,0.8770376,0.0113413501901167,337,1.6259562869229585
NA20-159_H02IBC429P-229418_level-0,127.6570074030394,201,1.574531661747339,0.8113264,0.0028721709746773,72,0.564011341521435,0.75570625,0.0008201089644949,4343,34.02085078093877,0.8665242,0.0003765632267356,2201,17.241513370676085,0.8817269,0.0037230860158048,6817,53.40090715488363
NA20-273_H02P23TB523P-199472_level-0,214.423810802904,400,1.8654644673192364,0.8293753,0.0027639533879533,22,0.102600545702558,0.77600473,0.0012628359978088,344,1.604299441894543,0.76146096,0.0002020219363188,180,0.8394590102936564,0.7485586,0.0387279039277418,946,4.411823465209994
NA20-273_H02P23TB523P-199473_level-0,208.5964229426324,170,0.8149708302848172,0.89518934,0.0036440561400907,12,0.057527352725987,0.750164,0.0010518073955478,34,0.1629941660569634,0.7782593,0.0003175730349429,20,0.0958789212099784,0.85330856,0.0135643127339001,236,1.131371270277746
NA21-086_H02N23484P12-195179_level-0,134.2591790380977,116,0.8640005162483794,0.8829914,0.0027389751757964,4,0.0297931212499441,0.63895226,0.0005583320033148,7,0.0521379621874022,0.7998857,0.000455280449446,208,1.549242304997094,0.90799433,0.0071397327527547,335,2.49517390468282
NA21-086_H02N23484P12-195180_level-0,148.69437883240795,268,1.802354615584092,0.88451797,0.002376768778312,12,0.0807024454739145,0.70961434,0.0008003149699534,21,0.1412292795793505,0.66700315,0.0002224223301801,215,1.4459188147409694,0.92026657,0.0055318939992344,516,3.470205155378326
NA21-086_H02N23484P12-195182_level-0,139.319284880956,1202,8.62766415307882,0.85237396,0.0018137779642765,132,0.947463950254912,0.8379037,0.0014049822108465,78,0.5598650615142662,0.70995426,0.0001886831609723,171,1.227396481012045,0.91027886,0.004733598942508,1583,11.362389645860045
NA21-402_H02IBC418P-210098_level-0,174.99701780249873,369,2.1086073616206,0.8290132,0.0023556970897309,23,0.1314308111579235,0.86690646,0.0013796804192204,59,0.3371486025355431,0.73026854,0.0001740765644282,347,1.982890933556499,0.8722701,0.0059015175936371,798,4.5600777088705655
NA21-402_H02IBC418P-210099_level-0,147.2707498763155,33,0.2240770827045754,0.71879804,0.001760974727441,128,0.8691474723086563,0.7196796,0.0005866919565223,1292,8.772957298615498,0.8045609,0.0002685304143467,2613,17.74283082142593,0.84398836,0.0046276094181775,4066,27.60901267505466
NA22-130_H02N23500P12-211173_level-0,90.25063089038036,97,1.0747847305113858,0.8826832,0.0030268613163516,4,0.0443210198149025,0.9131821,0.0011395438691471,5,0.0554012747686281,0.77264106,0.0002906777354032,15,0.1662038243058843,0.8282038,0.006090442424611,121,1.3407108494008009
NA22-130_H02N23500P12-211174_level-0,103.82494719459524,1223,11.779442542915785,0.88498193,0.0019192278773071,51,0.4912114224764554,0.8569051,0.0015441476060688,96,0.9246332658380336,0.7591994,0.0001497916852816,63,0.6067905807062096,0.74538606,0.0023052293068348,1433,13.80207781193648
NA22-251_H02N23TB509P-169317_level-0,187.513074833604,769,4.101047357270408,0.82683843,0.0032631361413573,5,0.0266648072644369,0.70290166,0.00175564979256,265,1.41323478501516,0.758797,0.0001851805263865,362,1.9305320459452375,0.8181018,0.0095820119350123,1401,7.471478995495243
NA22-251_H02P23TB526P-176546_level-0,165.53264157200405,1817,10.976687031298502,0.88952315,0.0037426999578052,45,0.2718497063337548,0.70390826,0.0009612692981661,1754,10.596097442431244,0.789536,0.0002016940447982,601,3.6307038557019258,0.8302744,0.0142232822446395,4217,25.475338035765425
NA22-251_H02P23TB526P-176547_level-0,169.64036521740934,1738,10.245203125875124,0.88975763,0.0027311146765662,3,0.0176844702978281,0.81574696,0.0008378597100011,43,0.2534774076022039,0.7937717,0.0003094562320523,393,2.316665609015492,0.9424677,0.0045108192388621,2177,12.83303061279065
NA22-251_H02P23TB526P-176548_level-0,199.91779896550827,4084,20.42839617649357,0.8953454,0.0041242855343757,62,0.3101274639918221,0.703188,0.0008089948760446,2235,11.179594871318104,0.7782753,0.0002008300150328,836,4.181718708018763,0.83326083,0.0068974155923664,7217,36.09983721982226
NA22-251_H02P23TB526P-176549_level-0,205.71421366086685,220,1.0694448190278392,0.7927208,0.0029896042545294,88,0.4277779276111357,0.73856944,0.0008311958148279,298,1.4486116185013458,0.76957375,0.0002070557004076,445,2.163195202124493,0.83508533,0.0053697240236964,1051,5.109029567264814
NA22-251_H02P23TB526P-176550_level-0,198.51059431154405,2820,14.205790929094045,0.88743323,0.002883444589523,1,0.0050375145138631,0.8872046,0.0007090007813415,50,0.2518757256931568,0.8281672,0.0003503259735764,402,2.025080834572981,0.92827684,0.0039999492258498,3273,16.487785003874045
NA22-251_H02P23TB526P-176551_level-0,166.3185643198604,1611,9.68623079803502,0.89660275,0.0036212741474851,51,0.3066404535690788,0.7313849,0.0009128396132574,1841,11.069119118052432,0.80331343,0.0001878122436314,533,3.204693367692529,0.8239056,0.0092058255932878,4036,24.26668373734906
NA22-251_H02P23TB526P-176552_level-0,200.9611683868616,158,0.7862215435364164,0.8022237,0.0028078078496019,17,0.0845934572159435,0.7676416,0.0015898758004462,339,1.686893058600286,0.7785909,0.0001910577160487,314,1.562490915635663,0.80871916,0.0049093829817866,828,4.120198974988309
NA22-251_H02P23TB526P-176553_level-0,170.0626800586358,845,4.96875622393257,0.8594841,0.0029141451477178,2,0.0117603697607871,0.9679471,0.0012103946611175,29,0.1705253615314136,0.82021254,0.0002869504058604,214,1.2583595644042247,0.9375128,0.0042854306074563,1090,6.409401519628996
NA23-060_H02FBC343P-191583_level-0,134.3998938203446,12,0.0892857848239126,0.74587154,0.0083591899803921,3,0.0223214462059781,0.90631264,0.0007071402384174,91,0.6770838682480045,0.7574739,0.0002423809436303,653,4.858634790834582,0.8552704,0.0031510018850539,759,5.647325890112477
NA23-060_H02FBC343P-191584_level-0,107.3957268728484,5,0.0465567871794356,0.7425971,0.0014798481666776,3,0.0279340723076613,0.7132675,0.0002824098546165,68,0.6331723056403247,0.7774905,0.0002365931948921,121,1.1266742497423423,0.7950125,0.0013127416140585,197,1.834337414869764
NA23-060_H02FBC343P-191585_level-0,267.80068995413814,14,0.0522776845810126,0.7196585,0.0053427543851687,15,0.0560118049082278,0.7624443,0.0004879923357879,351,1.3106762348525318,0.7951213,0.0002515884614209,733,2.7371101998487344,0.86566436,0.0019185868059711,1113,4.156075924190507
NA23-060_H02FBC343P-191586_level-0,178.99687526991352,17,0.0949737249567363,0.68846375,0.0045242288216069,13,0.0726269661433865,0.7836808,0.0005559613895706,514,2.871558507515439,0.81099194,0.0002546905630025,1072,5.988931361977724,0.853398,0.0017944735534324,1616,9.028090560593286
NA23-060_H02FBC343P-191587_level-0,184.6455849091091,88,0.4765887039395909,0.7994495,0.0031684626889953,17,0.0920682723519664,0.72596306,0.0004898983015898,1175,6.363542353738857,0.80339664,0.0002487456877892,1874,10.149173081622653,0.8606733,0.0018008291661881,3154,17.081372411653067
NA23-060_H02FBC343P-191588_level-0,225.46060084406392,161,0.7140937236805865,0.76489997,0.0031547509114352,22,0.0975780243538689,0.78132075,0.0005091496800534,931,4.129324576066001,0.80752116,0.0003063661300711,1408,6.244993558647614,0.8542319,0.0022102013687157,2522,11.18598988274807
NA23-060_H02FBC343P-191589_level-0,68.71677951847994,7,0.1018674048616829,0.80180943,0.0023535734531284,8,0.1164198912704948,0.6545645,0.0009498651120586,231,3.361624360435538,0.7587415,0.000212803821197,576,8.382232171475627,0.8473137,0.0150044933043895,822,11.962143828043343
NA23-060_H02FBC343P-191590_level-0,51.85908040750726,9,0.1735472347229885,0.7583189,0.0060425951203096,2,0.0385660521606641,0.59224117,0.0007433468766808,72,1.3883778777839086,0.8218654,0.000186888937791,72,1.3883778777839086,0.81742525,0.0200937187269001,155,2.98886904245147
NA23-060_H02FBC343P-191591_level-0,201.58245029296947,178,0.8830133761213044,0.8491295,0.0039302096554135,14,0.0694504902567318,0.77299386,0.0005742012504971,780,3.869384457160772,0.8133693,0.0003246953733871,1135,5.630450460099329,0.8537374,0.010048171163671,2107,10.452298783638136
NA23-060_H02FBC343P-191592_level-0,110.6092069404448,292,2.639924903875509,0.8243688,0.0033649074256625,34,0.3073885162046825,0.76625484,0.0007594788663336,1900,17.177593552614614,0.8111892,0.0003190736093658,1104,9.98108593794028,0.82062113,0.0102920573644951,3330,30.105992910635084
NA23-060_H02FBC343P-191594_level-0,161.57080437491368,662,4.09727489171791,0.789888,0.0028581161061028,51,0.3156510868241894,0.8047388,0.0007987044869952,5165,31.96740908719487,0.84721625,0.0003440635869847,2520,15.596877231312888,0.8270586,0.016665289826185,8398,51.97721229704986
NA23-060_H02FBC343P-191595_level-0,180.0682057869314,746,4.142874622090234,0.81845087,0.0033753971446598,46,0.255458756858111,0.75681967,0.0006587676833136,4462,24.779499415236764,0.8224731,0.00033985381497,1888,10.484915933654642,0.8275331,0.0102893713271078,7142,39.66274872783975
NA23-121_H02N23497P12-201014_level-0,252.56268845788136,118,0.467210737739982,0.84002006,0.0032291117523787,3,0.0118782390950842,0.8021381,0.001650953805644,25,0.098985325792369,0.76342946,0.0001650980731576,13,0.0514723694120319,0.7964131,0.0029063851719697,159,0.6295466720394673
NA23-121_H02N23497P12-201018_level-0,208.23679324067015,33,0.1584734353926598,0.8414995,0.0024224780855135,8,0.0384178025194326,0.8374628,0.001195923884441,15,0.0720333797239362,0.8405321,0.0002234493789074,16,0.0768356050388653,0.809553,0.0006522512173775,72,0.3457602226748941
NA23-121_H02N23497P12-201021_level-0,171.6587357713264,18,0.1048592133637669,0.83036,0.0019379054212203,3,0.0174765355606278,0.7630525,0.0006210960011515,20,0.1165102370708521,0.8050731,0.0001889678344199,16,0.0932081896566816,0.77482915,0.0006256042998109,57,0.3320541756519285
NA23-121_H02N23497P12-201023_level-0,231.97593395437536,21,0.0905266319743764,0.7607995,0.0024036243133222,8,0.0344863359902386,0.9497937,0.0018307138296001,41,0.1767424719499731,0.75047374,0.0002469814538532,11,0.0474187119865781,0.8439694,0.0007371737358978,81,0.3491741519011663
NA23-121_H02N23497P12-201025_level-0,141.74218201808523,1,0.0070550628314188,0.70480597,0.0045985431470262,3,0.0211651884942565,0.6020725,0.0007653868061914,45,0.3174778274138488,0.79599684,0.0002231507156818,12,0.0846607539770263,0.76259494,0.0028416327525403,61,0.4303588327165505
NA23-168_H02IBC433P-191757_level-0,108.54951988947867,6,0.0552743117252751,0.7235797,0.0057991328663442,76,0.7001412818534853,0.6950165,0.0003988377240451,1963,18.083912319452523,0.80747986,0.0001553930109591,123,1.1331233903681408,0.7197946,0.0372069349449737,2168,19.972451303399424
NA23-168_H02P23TB523P-202444_level-0,141.53446290293482,17,0.1201120889663367,0.6882813,0.0151780917383974,187,1.3212329786297046,0.73120266,0.0007186554842414,3663,25.880622463746565,0.8305804,0.0001623244094198,235,1.6603729945346557,0.6982732,0.0460306139657374,4102,28.982340525877262
NA23-298_H02N23TB512P-172715_level-0,164.16777638200344,3,0.0182739881486807,0.69597846,0.0078656783747308,0,0.0,0.0,0.0,60,0.3654797629736147,0.7271012,0.0001938035368112,49,0.2984751397617853,0.82681066,0.0078588864838197,112,0.6822288908840808
NA24-002_H02IBC433P-192149_level-0,166.1119250031198,17,0.1023406356869364,0.7165122,0.0046586758568719,4,0.0240801495733968,0.72737116,0.0012575170724838,20,0.1204007478669841,0.73923326,0.000139227598029,65,0.3913024305676983,0.72912306,0.0484814338977443,106,0.6381239636950158
NA24-002_H02IBC433P-192150_level-0,228.0345560955761,11,0.0482383029499685,0.791157,0.002327507121107,10,0.0438530026817895,0.84315073,0.0018091095538755,146,0.640253839154128,0.75952893,0.0001893967176995,37,0.1622561099226215,0.7279778,0.0302550955648562,204,0.8946012547085077
NA24-002_H02IBC433P-192155_level-0,234.6982762399937,70,0.298255279593194,0.7923547,0.0029906987741808,9,0.0383471073762678,0.90864253,0.0016929694992531,293,1.2484113845829403,0.7818623,0.0001841221030942,64,0.2726905413423487,0.68150675,0.0408106455797425,436,1.8577043128947512
NA24-002_H02IBC433P-192156_level-0,182.8265792405402,195,1.0665845240338032,0.82880014,0.0028231604700848,10,0.0546966422581437,0.7966386,0.0017162305393217,62,0.3391191820004913,0.7435228,0.0002830909246205,49,0.2680135470649044,0.73090976,0.0295705968359175,316,1.728413895357343
NA24-002_H02IBC433P-192158_level-0,169.16553807456893,129,0.7625666638032164,0.79691917,0.0025411401244493,38,0.2246320405001722,0.75505555,0.0011642046674834,599,3.5409103226211363,0.7555947,0.0002192700449037,72,0.4256186030529579,0.78163856,0.0100659769317353,838,4.953727629977483
NA24-002_H02IBC433P-192159_level-0,146.0513733141631,768,5.258423680467539,0.865015,0.0026668370901059,29,0.1985602691843211,0.7783228,0.0010082486508814,263,1.8007362343267743,0.757875,0.0002196243940798,142,0.9722606284197792,0.77537525,0.0383851126105871,1202,8.229980812398413
NA24-188_H02IBC418P-217031_level-0,186.41031649971112,758,4.066298551674712,0.8602604,0.003005644617965,14,0.0751031394768416,0.78222173,0.0009667263652326,304,1.6308110286399902,0.7440855,0.0001711361745349,169,0.9066021836847312,0.7734615,0.0146165001363064,1245,6.678814903476275
NA24-188_H02IBC418P-217033_level-0,172.2078416784627,318,1.8466058043614104,0.8947216,0.0027717267876448,6,0.0348416189502152,0.6184659,0.0006513728076032,48,0.2787329516017223,0.70791817,0.0001849817232503,222,1.2891399011579656,0.88794935,0.005317848912053,594,3.449320276071313
NA24-188_H02IBC418P-217040_level-0,177.40076272572767,1063,5.992082467218376,0.8808133,0.0020943115301517,54,0.3043955345529561,0.85906553,0.001371998957931,369,2.080036152778533,0.77527887,0.0001837046730917,351,1.9785709745942144,0.821842,0.0030490320512626,1837,10.35508512914408
NA24-188_H02IBC418P-217043_level-0,136.60364871177757,567,4.150694401994512,0.90005165,0.0031150691108418,19,0.1390885249345603,0.82744664,0.0010696180805215,116,0.8491720469688949,0.7468839,0.0002362851271017,442,3.2356383168987204,0.89097047,0.0103397423327386,1144,8.374593290796687
NA24-188_H02IBC418P-217061_level-0,169.54943482500423,976,5.756433225550716,0.9014026,0.0025363841462325,18,0.1061637275204025,0.8404039,0.0011338630436778,334,1.969926943989692,0.7609465,0.000164919718121,162,0.9554735476836228,0.71918905,0.0418385525028556,1490,8.787997444744434
